Catalyst;PC1;PC2;PC3;PC4;PC5;PC6;PC7;PC8;PC9;PC10
0.05 g/g (5 mass %) Ni/Al2O3;-0.87988895;0.4055585;-0.017228259;-0.83563626;0.32120943;-0.03213006;-0.39653394;0.45246485;0.49482492;-0.2855964
0.075 g/g (7.5 mass %) Ni/Al2O3;-1.1405846;0.5459996;0.6813883;-1.2784837;0.974996;0.32788685;-0.43763033;0.40380305;0.2852389;-0.5777133
0.1 g/g (10 mass %) Ni/Al2O3;-1.1677947;0.31226593;0.4758751;-1.0702025;0.09443707;-0.43190545;-1.0646802;0.47732735;0.5954877;-0.6275746
0.2 K-Ni/MgAl2O4;0.39862904;1.3951191;-0.20175235;0.1482004;0.8277795;-0.21439894;0.45238632;-0.20436475;0.62899995;0.413755
0.2Cu-Ni/SiO2;-0.8933667;0.7503677;-1.4921725;-0.6333496;0.19095421;0.7171618;-0.8713313;0.058365572;-0.32401648;0.22928269
0.4 K-Ni/MgAl2O4;0.7512972;1.418409;0.14067876;0.24768172;0.64149904;0.014976909;0.4621162;0.3025645;0.25467452;0.27608263
0.5 K-Ni/MgAl2O4;0.56042516;1.3813665;0.13479869;0.020525608;0.62700576;0.036769427;0.41929585;-0.053826112;0.2276787;-0.043644432
0.5Cu-Ni/SiO2;-0.8909181;0.31059653;-1.4072108;-0.7774555;-0.054256096;0.9118814;-1.0155749;0.040979143;-0.47164318;0.009097294
0.5PAl-10Ni;0.23797283;-1.5266927;0.95658636;-0.54412913;0.09925615;-0.06742767;0.4718323;-1.0493683;-0.6485755;0.051949695
0.5Pt-12Ni;0.769317;0.13539748;0.82181275;-0.28373283;-0.5202486;-0.1289133;0.5539704;-0.44339928;-0.4285109;0.35565737
0.7 K-Ni/MgAl2O4;0.46354994;1.3507055;0.07402008;-0.06281049;0.68326783;-0.030326217;0.4543171;-0.18390739;0.24132337;-0.06328035
1%B-Ni/SBA-15;1.9397241;-0.62315476;0.68701756;-0.8113181;-0.568541;-0.022543976;0.24319309;-0.02765564;0.08603517;0.17891452
1.0 K-Ni/Al2O3;0.90484583;1.2234713;0.13853915;-0.31510836;-0.06816522;-0.000348709;-0.013720986;0.19932231;0.5597478;-0.14715324
1.0Pt-12Ni;1.0592128;0.12912217;0.5394186;-0.22623274;-1.0286223;0.09799447;0.03494484;-0.23108855;0.000654593;0.43179047
1.5Cu-Ni/SiO2;0.25764596;0.5357402;-0.68182254;-0.85160136;-0.710175;0.5978925;-0.5862887;0.051987786;-0.17003207;-0.20385319
10% Ni/CeO2 eMgO;-0.79701793;0.6766461;-1.6736671;0.59592146;-0.23932265;0.71880174;-0.44376382;-0.15273982;-0.099797554;-0.14941514
10%-Ni/(-Al2O3);1.109618;0.7637652;0.5325135;0.28597456;-0.17852344;-0.16773093;-0.29287648;-0.015221661;0.44925687;-0.26117384
10%Ni-MgO-Al2O3;1.8273147;0.63277763;0.16307911;0.21559353;0.028935842;-0.06676546;0.103160486;0.14149167;0.18539369;-0.055311464
10%Ni/Ce0.25Mn0.75;-2.4280949;1.0695429;0.6044759;-1.3553119;0.85383564;1.0361638;0.09370816;0.19464491;-0.057589088;-1.1667658
10%Ni/Ce0.50Mn0.50 34.;-2.1941776;0.9423813;1.0069032;-1.2930969;0.89372325;0.94725007;0.097973675;0.39146852;-0.062114034;-0.92406654
10%Ni/Ce0.75Mn0.25;-2.5861964;0.9306249;0.6536009;-1.0899824;0.659254;0.79157;-0.026318904;0.29409808;-0.12625325;-1.1135043
10%Ni/Ce0.95Mn0.05;-2.6126082;0.5874022;0.5717598;-1.0086406;0.44360217;1.2450137;0.028647212;0.32716572;-0.14128515;-0.9818477
10%Ni/CeO2;-0.96698284;1.0349874;-1.0671724;0.69026095;-0.68574405;0.41431585;-0.6463608;0.7492175;-0.07953104;-0.07252868
10%Ni/MnOx;-2.281141;-0.5158804;-0.6244973;1.0467137;-0.59336495;0.5875333;0.16970854;-0.26631898;-0.5598035;-0.52640957
10AC-Ni/MgO-Al2O3;1.7832648;0.47569668;0.30501214;-0.01830667;0.3756612;0.018561322;0.09162428;0.45242253;0.20826647;-0.058222022
10Mn10Ni-Y;1.2576567;0.06040885;0.75612074;0.23364228;-0.17223157;0.08894154;-0.096885964;0.08969414;-0.3639167;0.10609974
10Mn10NiNH4-Y;1.3168955;0.8397644;-0.07256596;0.20834668;-0.21436223;0.32254568;0.13485135;0.052452777;-0.5442998;0.06435783
10Mn10NiZSM;-0.13582504;0.37099144;-0.73068315;-0.3744777;-1.385264;0.37966263;-0.43172187;0.057560906;-0.19071543;-0.054572243
10Ni(12T)/MA;-0.5775918;0.88349533;0.20743078;0.34309328;-1.615218;-0.06624729;-0.058492564;0.16556276;0.06727251;-0.7874164
10Ni(18T)/MA;-0.2248037;0.5045898;-0.25539446;0.6023806;-1.2626885;0.12864892;0.19173548;0.20116998;-0.13368803;-1.1572818
10Ni(20T)/MA;0.13102087;0.7852187;-0.31594822;0.584023;-1.4435266;0.039879173;0.25941837;0.47113362;0.021682044;-0.5892586
10Ni-Y;1.5044861;-0.22794092;0.45800394;0.8181839;-0.76987827;0.311027;0.09538226;0.22066142;0.019951649;0.20180812
10Ni-3Ca-MgAl2O4;0.7296941;1.0773716;0.88130385;-0.002296561;-0.0722016;-0.15130936;-0.474108;-0.000483731;-0.02318822;0.19033487
10Ni-3Ce-MgAl2O4;0.7296941;1.0773716;0.88130385;-0.002296561;-0.0722016;-0.15130936;-0.474108;-0.000483731;-0.02318822;0.19033487
10Ni-3Fe-MgAl2O4;1.2958497;1.0699971;0.5794961;-0.1066682;0.07169186;-0.16138545;-0.3338451;-0.044752322;0.15452564;-0.020645102
10Ni-3La-MgAl2O4;1.1942474;1.105739;0.91852456;-0.09337305;-0.22788821;-0.14299749;-0.2285462;-0.10910488;0.17855947;0.25836864
10Ni-3Zr-MgAl2O4;1.1942474;1.105739;0.91852456;-0.09337305;-0.22788821;-0.14299749;-0.2285462;-0.10910488;0.17855947;0.25836864
10Ni-CeAl;1.4238286;-0.2722068;0.36898348;0.74713355;-0.8790061;0.11681673;0.4790468;0.54544896;-0.3102874;0.10157228
10Ni-MgAl2O4;1.4074836;0.96716577;0.2213291;0.27519697;-0.41522837;-0.36397687;0.23259334;0.2588831;-0.10530193;0.35142726
10Ni-NH4-Y;2.1994956;0.05385212;0.6110548;0.030002464;-0.34196228;-0.28107077;0.49934068;0.21387388;-0.2786646;0.24504049
10Ni-SBA-15;2.0330029;-0.1554849;0.6723962;-0.3982104;-0.5765593;-0.05000877;0.2259834;-0.002647037;-0.24870515;0.14026672
10Ni-SBA15;1.5864439;-0.20875055;0.35942343;-0.5490099;-0.6084975;-0.010528367;0.46361008;-0.22357741;-0.4924582;0.24020046
10Ni-ZSM;1.8772461;-0.14772345;-0.00432612;-0.075540215;-0.8307962;0.043900885;0.49879342;0.2685749;-0.24072078;0.070443854
10Ni/Al;0.017855579;-0.07992917;-0.5389382;0.5040016;-1.3643166;0.92767644;0.1982278;0.30212516;-0.18479177;0.27869615
10Ni/Al2O3;-0.06987912;1.564972;-0.581341;0.258777;-0.60526115;-0.34376377;0.10490751;0.25511047;0.005645563;-0.15646364
10Ni/Ce0.85La0.10Mn0.05O2;-2.3076258;0.41983777;1.1483086;-1.3057395;0.95668304;0.75245064;-0.11396831;0.9580654;0.0771968;-0.48325714
10Ni/Ce0.85Mg0.10Mn0.05O2;-2.3076258;0.41983777;1.1483086;-1.3057395;0.95668304;0.75245064;-0.11396831;0.9580654;0.0771968;-0.48325714
10Ni/Ce0.85Zr0.10Mn0.05O2;-2.3076258;0.41983777;1.1483086;-1.3057395;0.95668304;0.75245064;-0.11396831;0.9580654;0.0771968;-0.48325714
10Ni/Ce0.95Mn0.05 O2;-2.0043342;1.0496565;0.21860051;-0.88156706;0.68503386;0.85880584;0.12051559;0.5257059;-0.023141563;-0.538344
10Ni/DFSBA-15;0.9674429;-0.22848962;0.23163424;-0.8692581;-0.7236317;0.024753336;0.20148459;-0.077148624;-0.14839828;-0.15479414
10Ni/MA;0.017855534;-0.07992915;-0.53893834;0.5040015;-1.3643165;0.92767674;0.19822775;0.30212507;-0.18479168;0.27869612
10Ni/MgO;-0.24111648;0.12836818;-0.7036532;0.73586553;-1.0168455;0.7135772;0.5791768;0.02000083;-0.45662433;0.29266998
10Ni/SBA-15;1.1525025;-0.06494511;0.21531068;-0.57312316;-1.0325423;0.03383856;0.18761732;-0.044697918;-0.29868954;0.19116147
10Ni/TS (50:50);0.00944211;0.8547056;-1.0888722;-0.5871349;-0.9238631;0.56036884;0.34610015;-0.07330997;-0.13570642;-0.62288576
10Ni/g-Al2O3;0.22809598;1.2863014;0.105880596;0.1591167;-0.6425546;-0.30191022;-0.13112146;0.09353854;-0.108597636;0.27486247
10Ni18Ce-SBA-15;1.2350719;0.15628022;0.7050568;-0.50665313;-0.43089536;-0.23338407;-0.30124477;0.30692574;-0.22768973;-0.27738503
10Ni2Sn/Al;-1.0552797;0.49923894;-1.0722435;-0.9243858;-1.2823548;0.35064158;-0.44473645;-0.17581289;0.09124098;-0.38382292
10Ni9Ce-SBA-15;0.97661835;-0.5426695;0.3376026;-0.26051852;0.019859862;0.053852383;-0.33126605;0.20060036;-0.7654736;-0.31035408
10ZrO-Ni/AL2O3;1.069336;1.4100059;-0.46508837;-0.22840033;0.03763971;0.10346409;-0.11939577;0.025149928;0.7883818;-0.14669971
11NiO/MgO-PWAC;0.8565574;-0.23946798;-0.19755109;-0.23719816;0.003819324;0.111484535;-0.42222747;0.14568688;0.043419987;-0.56149143
12%Ni/Al2O3;-0.35262126;1.638004;-0.042815488;0.05557476;-0.43311006;-0.50203437;-0.21903932;0.038276076;0.13850337;0.031963088
12%Ni-Al2O3;0.50841576;1.0690787;0.68474543;0.065867424;-0.72886914;-0.6563922;-0.07554805;0.08394638;0.002154908;0.5142129
12.5%Ni-MgO-Al2O3;1.4044355;0.8919948;0.24777222;-0.2732675;0.28777793;0.23912774;-0.20990019;-0.11708502;0.292978;-0.11476448
12Ni;-0.3965511;0.83913165;0.24322413;-0.09869616;-0.99582756;-0.13262062;-0.25042143;-0.4654997;-0.18246114;0.17093511
12Ni/Al2O3-EISA;1.2015467;0.69233483;-0.03454012;-0.56467867;-0.33944285;-0.17702827;-0.07749688;-0.1479705;0.34631252;-0.1718221
12Ni/Al2O3-IMP;1.3862609;0.6548059;0.5103971;-0.20267305;0.040767968;0.032559447;0.19763002;-0.15590246;0.3741612;-0.170883
12Ni/MgAl-S;0.35489306;-0.023462845;-0.7612322;-1.0633953;-0.9191694;-0.2712692;-0.6831407;-0.31294236;0.13755623;-0.37138128
12NiAl-S;1.0677583;0.42787543;-0.42741987;-0.6957575;-1.006004;-0.17361061;0.057396658;-0.18536447;-0.1588635;0.21398462
12NiMgAl-S;1.0677584;0.42787537;-0.42741987;-0.6957573;-1.0060039;-0.1736107;0.057396844;-0.18536457;-0.1588633;0.21398464
12NiMgO-S;1.3621413;0.19898301;-0.73928;-0.783112;-0.6077164;-0.088440664;-0.33983004;-0.18278264;-0.025865199;-0.16560775
12NiMgO/Al2O3;0.21420556;1.6791042;-0.39331856;0.000163662;-0.42356187;-0.11795542;-0.1870011;0.17465745;0.22004698;-0.05103062
13.2%Ni-SiO2;0.58912444;1.093502;-0.6967644;-0.24919817;-0.5490212;-0.09658126;-0.6223949;-0.05419087;0.22120759;0.028421303
15% Ni/CeO2 eMgO;-1.4380993;0.86388963;-0.47461152;0.5416582;-0.31020945;0.30881375;-0.6478192;-0.42578137;-0.358463;-0.5691878
15%Ni-MgO-Al2O3;1.479652;0.76359415;-0.028478788;0.14552099;0.45406404;-0.13957044;-0.13927709;-0.019562826;0.017116088;-0.2901753
15%Ni/Al2O3;-0.80577505;1.6112691;0.4844363;0.076633014;-0.6405715;-0.71115506;0.2145808;0.16244532;-0.31703523;-0.2605107
15%Ni/CeO2-Al2O3;0.2300443;1.6008393;0.13729592;0.16399918;-0.058625095;0.114792295;-0.17346625;0.42405754;-0.17799586;0.040876362
15AC-Ni/MgO-Al2O3;1.2902453;0.8638159;0.10084273;-0.11624168;0.3719127;0.1881451;0.04603255;0.30054134;0.038704466;-0.11503382
15Mn10NiNH4-Y;0.69961727;1.0121044;0.39706272;0.048010524;-0.43192545;0.3071239;-0.11894614;-0.17001586;-0.72336715;-0.123689435
15Mn10NiZSM;-1.023415;0.6451572;-0.040747613;-0.74282664;-1.2022855;0.19426627;-0.76955324;-0.4569842;-0.5034769;-0.30915484
15N/iMCM-22;-0.52527976;0.9350688;0.80978394;0.25168025;-0.6815092;-0.10416137;-0.39969686;0.11467168;-0.37699535;0.34869495
15Ni/DFSBA-15;1.0076565;0.30343103;0.32603112;-0.47361463;-0.7030228;-0.108838454;0.11165879;0.06988035;-0.33935067;-0.37549976
15Ni/ITQ-2;1.4516348;0.22919767;0.8203008;0.46143863;-0.44788656;-0.26871687;-0.038802322;0.14297256;-0.020292459;-0.17455386
15Ni/MgO;-0.14334334;0.6382489;-0.6298057;0.65899676;-0.61377454;0.4473372;0.20817274;-0.18108797;-0.7056589;-0.30440253
1K-Ni/MgAl;1.669479;-0.4318949;1.117721;0.44482365;-0.5490482;-0.06268536;-0.47223473;0.13007097;-0.08018066;-0.2744375
1PAl-10Ni;1.4165868;-0.9887044;0.26492906;-0.36842906;-0.44771183;0.082431786;-0.008699344;-0.5723768;-0.44351426;-0.025438506
1Zr/5Ni/SBA-15;0.316642;-0.037866887;0.66918695;-1.3745747;-0.24870306;0.2631364;-0.084515736;-0.38971293;-0.63190114;0.05524556
2%B-Ni/SBA-15;1.9578744;-0.80665517;0.6663506;-0.8660562;-0.34829572;-0.10879077;0.41486058;0.061117746;0.053718906;0.1113517
2%Ga5%Ni/MCM-41;-0.34018973;0.44425744;1.0661985;0.25848094;-0.54664785;-0.23263466;0.029490244;-0.028917698;-1.0570301;0.1306407
2.5%Ni-MgO-Al2O3;1.5680848;0.52623975;0.118708454;0.029068787;0.6934103;0.13778426;0.30783403;0.23668134;-0.16539957;-0.111122414
2.5La-Ni/ZrO2;-0.80451006;1.1274155;-0.77351356;0.36549595;0.6740699;0.33343863;0.4002706;0.31728277;-0.3171217;0.10422253
20% Ni/CeO2 eMgO;-1.161946;0.7736727;-1.7223608;0.80665183;0.35813674;0.5225338;-0.10064599;0.0897088;-0.22770274;0.060045786
20%-Ni/(-Al2O3);1.1605587;0.779188;0.4526158;0.41880655;0.2184083;-0.09898583;-0.020487351;0.049669724;0.35821053;-0.22400534
20AC-Ni/MgO-Al2O3;1.6741742;0.2852129;0.3053993;0.1728793;0.6613664;-0.060304664;0.31392762;0.53645927;0.13419153;-0.089859806
20Ni/HT;-0.6160012;0.3534489;-0.28803596;0.572706;-1.0456043;0.6307959;0.8492145;0.5745373;-0.4347067;0.26266342
20Ni/HT-4La;0.9200356;0.5641336;0.003262673;0.13399316;-0.6212801;-0.10837241;0.55112493;0.1529663;-0.46731877;-0.042302508
20Ni/HT-8La;0.95078754;0.2928108;-0.45437363;1.1846262;0.04623234;0.29023525;0.7059846;0.2618628;-0.6212647;-0.1186889
25%Ni-1%CeO2-Al2O1;1.2661093;0.7458405;1.05349;0.49463704;0.17658064;-0.15386254;-0.18091263;0.5992666;-0.13892224;0.12292347
25%Ni-3%CeO2-Al2O2;1.0623215;1.1376679;0.6827907;0.24766323;0.09860614;0.04204208;-0.1600306;0.46103397;-0.13704717;0.4577224
25%Ni-5%CeO2-Al2O3;0.47274742;1.4000385;0.4473709;0.19945596;0.3497022;-0.18094334;0.018849403;0.056048606;-0.4057763;-0.029930463
25%Ni-5%La2O3-Al2O3;1.3641751;1.2231975;0.81842476;0.027673004;-0.042288255;-0.13533816;0.16489194;0.24145779;-0.12540904;0.21063259
25%Ni-5%ZrO2-Al2O3;1.1862419;1.2585596;0.44477597;0.0901838;0.15816328;-0.28428203;0.17404939;0.11270772;-0.29866436;0.082292125
25%Ni/Al2O3;-0.5053619;1.6568966;0.12889384;0.18089835;-0.41889486;-0.93241453;0.6049333;0.22704896;-0.39893705;-0.21100686
2Ni-3ln/AL2O3;-0.03777825;0.9648889;0.94478893;-0.8005325;0.2351516;-0.63088375;0.3024733;-0.03056124;0.47575712;-0.20190312
2Ni/Al;-0.62242043;0.35038555;-0.28937802;0.573013;-1.050798;0.633756;0.8504372;0.57633615;-0.43361354;0.26470685
2Ni/H-Al;1.5699476;0.2711858;-0.15706764;0.8976324;-0.23649584;0.050354123;0.44005096;0.712868;-0.39094555;0.08355081
2Ni-1Mo-HSS;1.704138;-0.098150685;-0.32238898;-0.4869193;-0.43910247;-0.16097501;-0.31809738;0.091784276;-0.045297395;-0.005188506
2PAl-10Ni;1.3561693;-1.0803285;0.23650411;-0.41851413;-0.32266867;0.09327618;0.24442044;-0.5078965;-0.45971325;0.05824259
2ZrO-Ni/AL2O3;1.5106725;1.2290275;-0.43799472;-0.034890648;0.35484087;-0.1862875;0.31253594;0.153144;0.62302446;0.11074848
3%-Ni/(-Al2O3);1.1236607;0.8400829;0.44890848;0.41312337;-0.033244755;-0.080481105;-0.10535231;0.042435516;0.39620516;-0.25498968
3%B-Ni/SBA-15;1.9171528;-0.6994003;0.707031;-0.6564793;-0.4116721;-0.04463673;0.36269525;0.028178787;-0.014316556;0.12680976
3%Y-NiO/SBA-15;1.8622041;-0.31225762;0.32993194;-0.25616315;0.15095164;-0.04058306;-0.002130191;0.14350837;-0.47655815;0.019011414
3.1%Ni-SiO2;0.9335881;0.6561039;-0.07295195;-0.5468439;-0.40426335;0.044079464;-0.10356993;0.09847391;0.013147874;-0.08224724
30Ni/ITQ-2;1.2145737;0.1974796;0.5702289;0.6343796;-0.45248875;-0.1929843;0.49540067;0.29677817;0.055740558;0.35272372
30Ni/MCM-22;-0.916214;0.6446189;0.39774328;0.6062995;-0.60684484;-0.40028548;-0.096172966;0.22853474;-0.063411884;0.6297571
3K-Ni/MgAl;1.5868154;-0.05510797;0.9953337;0.55862254;-0.4896742;-0.08129199;0.1694894;0.047185536;-0.12935196;-0.14094552
3NZH;0.19472596;1.0910912;0.15362453;0.057120167;-1.3386118;-0.17728446;0.56833047;-0.10687135;-0.21948382;0.30895883
3NZN;0.55552375;0.1550361;-0.815437;-0.3715548;-0.5939843;0.5246977;0.78362864;-0.44816676;-0.36602545;0.15923126
3NZO;-0.214106;0.4583591;-1.3133864;0.18862572;0.08949309;0.58923745;0.40561566;-0.5759911;-0.23600705;-0.14603472
3Ni-2ln/AL2O3;-0.12060186;0.9656732;0.8682647;-0.5888162;-0.048072502;-0.66783994;0.2833204;0.019201146;0.5040388;-0.3346118
3Ni/DFSBA-15;0.76283264;0.033445127;0.2221573;-0.8089511;-0.4936241;0.021218995;0.22893186;-0.018991686;-0.23485643;-0.26488358
3Sm-10Ni-SBA15;1.0762771;-0.20550917;0.4047145;-1.6350539;0.13804209;-0.059346575;-0.35751843;-0.16883829;-0.48622757;0.059062637
3Zr/5Ni/SBA-15;0.59373033;0.033712886;0.5630534;-1.249956;-0.099651605;0.17725278;0.2345299;-0.09060152;-0.7453868;-0.002241965
4Ni-1ln/AL2O3;-0.93634385;0.6679365;1.1949629;-0.67175114;0.018344706;-0.40713295;0.3231497;-0.16374037;0.5168513;-0.6854048
4PAl-10Ni;1.1972464;-1.1078715;0.18265426;-0.4820449;0.045557123;0.1689877;0.2945794;-0.74662775;-0.57833785;-0.058569457
5% Ni/CeO2 eMgO;-1.5901002;0.8173362;-1.5662165;0.8092774;0.5340537;0.34126392;-0.00575588;-0.30024683;-0.32692006;-0.0720626
5% Ni/MgO;-0.1833023;0.36458212;-1.1085876;0.63216877;-0.3541278;0.41637844;1.1690497;0.019187672;-0.5471621;0.1438456
5% Ni/ZrO2;-0.558619;1.1432785;-1.1898558;0.8331069;-0.2041126;0.16445695;0.7101908;0.32311493;-0.20903091;0.13896134
5% Ni-0.1% Pt/MgO;-1.310268;0.06253546;-0.24922624;0.1344588;-0.3996646;0.5588921;0.5171033;-0.9158842;-0.40698418;-0.2564861
5% Ni-0.3% Pt/MgO;-1.3908858;0.48133808;-0.32268864;0.1289986;-0.50213754;0.31978342;0.69911313;-0.91177356;-0.41597414;-0.297222
5% Ni-3% CeO2/ZrO2;-0.4361517;1.5887723;-0.5400299;0.43827948;-0.06854681;0.6053313;-0.53432935;0.706981;0.07909592;-0.20634049
5% Ni-3% K2O/ZrO2;0.65828776;1.5328985;-0.5678838;0.4490788;-0.19214882;0.04591573;0.14097771;0.41599283;0.13857096;-0.006524388
5% Ni-3% La2O3/ZrO2;0.9065216;1.4880308;-0.3093691;0.22838949;-0.48016274;0.13885696;-0.001239873;0.40988228;0.24766757;-0.1232947
5%-Ni/(-Al2O3);1.0135798;0.7633301;0.3776037;0.3199729;0.000607268;-0.11477289;-0.15549591;-0.11292472;0.30343097;-0.2962017
5%B-Ni/SBA-15;1.896555;-0.5287653;0.80480427;-0.69333905;-0.4295328;-0.016915452;0.27439594;-0.07856662;-0.074734196;0.197481
5%Ni-MgO-Al2O3;1.6410894;0.8347219;-0.07796546;0.30796295;0.15253608;-0.059362747;0.25800094;0.108000554;0.03954221;-0.24059094
5%Ni/La2O3- HT;1.2880439;1.2120006;-0.16520773;0.43117377;-0.32909307;-0.15917476;0.38008678;0.02247521;0.014861934;-0.09752237
5%Ni/La2O3- KIT-6;1.481923;0.82717615;0.31117886;0.27348542;-0.09377299;0.24920557;0.3393555;-0.04052234;-0.0843138;-0.03028489
5%Ni/La2O3-S;-0.22049583;1.2148849;-0.9579565;-0.3295662;-0.96398973;-0.5436955;0.25482783;0.08535451;-0.088729165;-0.31051296
5%Ni/0%KF-Al2O3;-0.25530043;1.466877;-0.37235498;0.19599098;-0.56183696;-0.37751672;0.8452882;0.21884134;0.18947692;0.12794788
5%Ni/1%KF-Al2O3;-0.6418049;1.8483078;-0.019572815;0.023518702;-0.36215672;-0.08235904;0.06641261;-0.1550097;0.10975219;-0.43866134
5%Ni/10%KF-Al2O3;-0.6418049;1.8483078;-0.019572815;0.023518702;-0.36215672;-0.08235904;0.06641261;-0.1550097;0.10975219;-0.43866134
5%Ni/5%KF-Al2O3;-0.6647261;1.8648922;-0.42245638;-0.016112473;-0.35134694;-0.06996109;0.23329988;-0.20175433;0.122072555;-0.55992043
5%Ni/Al2O3;-0.08385563;1.7557579;-0.5719879;0.45714086;-0.63901067;-0.3508002;0.42758983;0.16284432;0.056687023;-0.052888166
5%Ni/MCM-41;-0.8748527;0.71705407;0.7779315;0.55182934;-0.59697884;0.24011026;0.19780248;-0.04737668;-0.9927584;0.43591338
5%Ni-3%BaO/Al2O3;0.28991747;1.7618685;0.021606436;0.17342761;0.037284937;0.03764855;0.26002267;0.24241029;0.009584066;-0.06237859
5%Ni-3%CaO/Al2O3;-0.56869495;1.9613953;-0.09344079;0.44746724;0.11411841;0.05815825;-0.0873213;0.49958873;-0.07725892;-0.2370464
5%Ni-3%MgO/Al2O;-0.003782611;1.4706961;-0.95850164;0.7384664;0.1842184;-0.18153948;0.40638515;-0.13369347;-0.00123521;-0.20559753
5.8 wt%Ni/HTASAO5;-0.26457894;0.5661929;-1.5814772;-0.93060917;-0.072897166;0.8459831;-0.034377392;-0.6413918;-0.2109349;-0.040856835
50AC-Ni/MgO-Al2O3;1.582365;0.4684249;0.22577728;0.17841333;0.78810436;-0.09301974;0.25210714;0.37265447;0.012603506;-0.18969968
5AC-Ni/MgO-Al2O3;1.582365;0.4684249;0.22577728;0.17841333;0.78810436;-0.09301974;0.25210714;0.37265447;0.012603506;-0.18969968
5K-Ni/MgAl;1.6248951;-0.10843311;0.9317069;0.7243873;-0.15842764;-0.016563449;-0.048198033;0.09855497;-0.42974684;-0.2950346
5La-Ni/ZrO2;-0.550602;1.1454991;-1.1956607;0.8364081;-0.21817528;0.15682513;0.7234282;0.31836662;-0.195903;0.13908039
5Mn10Ni-ZSM;0.7276121;0.3755606;-0.55780655;-0.4167776;-0.6485793;0.26199615;0.066930376;-0.14556114;-0.44890544;0.15468119
5Mn10NiNH4-Y;1.2031294;0.95078784;-0.09807663;0.45102495;-0.09872927;0.26033568;0.40254787;0.007280718;-0.5789107;0.03561941
5Ni-MCM-41;0.5092166;0.41474816;1.4411216;0.28087935;-0.84594214;-0.22734974;0.39357388;-0.056631166;-0.5836018;0.5410911
5Ni-SBA-15;1.9814126;0.016462123;0.63685733;-0.30381846;-0.4016713;0.016508037;0.24265316;-0.039124917;-0.4788881;0.03946374
5Ni/10CeO2-SBA-15-CTA;1.2962403;0.21476708;0.5798897;-0.61872524;0.3507317;-0.046777897;-0.20723023;0.27253097;-0.2698444;-0.2187759
5Ni/10Y-Z-3215;0.78578985;0.8723359;1.290032;-0.4358407;0.3619889;-0.27119955;-0.45195875;-0.172402;-0.16347338;-0.14122798
5Ni/15CeO2-SBA-15-CTA;1.1564467;0.59176886;0.56927115;-0.632251;0.39141285;0.13324451;-0.10035247;0.21060778;-0.40215653;-0.44826072
5Ni/Al;-0.22403036;0.7662895;-0.22751263;0.28993067;-0.8171978;1.0152243;0.81966245;0.19101676;-0.544034;0.13219705
5Ni/DFSBA-15;0.91588056;0.106995195;0.16576008;-0.70584655;-0.48203713;0.23095267;0.19468346;-0.11408951;-0.39735886;-0.23636188
5Ni/H-Al;1.2138864;0.41589645;-0.08931481;0.95182145;-0.3364838;0.22020383;0.34315965;0.3825751;-0.5509001;0.10507249
5Ni/La2O3-C;0.28225905;1.203725;-0.26244903;0.35307196;-0.36240584;-0.41424045;0.53121066;0.007514813;-0.13261043;-0.35491684
5Ni/La2O3-GNC\;0.21616517;1.1739224;-0.36248955;0.3095027;-0.3991356;0.11971669;0.22630702;0.07014807;-0.08547464;-0.50935096
5Ni/La2O3-LOC;0.54553485;1.3722479;-0.7331474;0.4226068;-0.2922856;0.13275686;0.12698412;0.16169249;0.17647348;-0.54718775
5Ni/La2O3-PP;0.8541756;0.5491353;-0.1264081;-0.08637058;0.10820604;0.034696445;0.479931;-0.23152836;0.035291735;-0.44903412
5Ni/La2O3-TD;1.2767683;1.2197539;-0.1500399;0.4401237;-0.31898135;-0.14878163;0.3846974;0.039936516;0.000180784;-0.093854375
5Ni/MCM-22;-1.1334081;0.8678775;0.3143589;0.5762286;-0.46537378;-0.09653401;-0.10408278;0.097425774;-0.36641207;0.6652134
5Ni/MCM-41;-0.884701;0.70610845;0.7581622;0.5298097;-0.5695172;0.2513289;0.18877204;-0.021827154;-1.0151483;0.43375668
5Ni/MCM41;-3.0808163;0.9012408;0.8662307;-0.019348897;0.008065976;-0.13746725;0.107057706;0.10619317;-1.0988792;0.044148583
5Ni/MgO;-0.17894998;0.36220253;-1.1083817;0.6384994;-0.35369313;0.41538364;1.166592;0.023996344;-0.55263346;0.13973646
5Ni/SBA-15;1.3115695;0.18950582;0.20379747;-0.4211176;-0.71153903;0.17184961;0.2871192;0.003233304;-0.52690125;0.15377796
5Ni0.1Ce/MCM41;-2.8574638;0.3817624;1.5195792;-0.62631595;0.7074007;0.061179113;-0.10600781;0.368499;-1.0481926;-0.1967336
5Ni0.5Ce/MCM41;-2.814229;0.7258893;1.2265582;-0.90935636;0.95461583;0.2986206;0.028928362;0.2851725;-1.0948446;-0.20401788
5Ni0.5La/γ-Al2O3;0.015852032;1.637411;-0.16402094;-0.04792912;0.016141033;0.000373403;-0.043761265;-0.030167473;0.13031632;-0.59042305
5Ni100Al;-0.32236046;1.0882546;0.39760765;0.05361824;-1.3363442;0.3049916;0.41021115;-0.020077948;-0.5471683;-0.26852396
5Ni10La90Al;0.477711;1.282022;0.1323018;0.4002229;-0.9142113;0.03896167;0.6342495;0.368594;-0.57681537;-0.18202421
5Ni15La85Al;-0.85186875;1.8298914;0.36235017;-0.22906165;-0.28788465;0.42087737;0.20959692;-0.02514599;-0.82221204;-0.27153715
5Ni1Ce/γ-Al2O3;-0.08469857;1.6350974;0.43056232;0.1928102;-0.34677172;0.10940127;-0.13448277;0.30364192;0.00017816;-0.42297736
5Ni1Ce/MCM41;-1.6489795;0.8348052;0.927808;-0.51773584;-0.27967787;0.6588202;-0.06351823;0.3543948;-0.9237155;-0.14080688
5Ni1Ce0.5La/30MgAl;-2.079992;1.6026399;0.39628786;-0.26172042;0.009300866;0.8065729;0.07508247;0.13617994;-0.42316473;-0.61161727
5Ni20L80Al;-0.50592494;1.4288886;-0.757598;0.75644106;-0.40638492;-0.28917316;0.61697793;0.060759813;-0.14315246;-0.15468308
5Ni3Ce/MCM41;-2.7942638;1.1019591;0.9273235;-0.2680558;0.2606263;0.22230132;0.029234685;0.32018855;-0.9583213;0.02046959
5Ni9Ce-SBA-15;0.7173293;-0.19365327;0.23570305;-0.11996082;0.19210333;0.3088502;-0.41487956;0.31993994;-0.9068712;-0.38778982
5ZrO-Ni/AL2O3;1.0238776;1.3275675;-0.71141946;0.028540123;0.1906279;-0.022377698;0.1597971;-0.06811061;0.62894106;-0.11107734
5wt% Ni/Ce0.8Pr0.2O2;-1.1537101;0.96117765;-0.006755121;-0.52849233;0.7382973;0.64659;0.42034683;0.78319526;-0.17954966;0.09998987
5wt%Ni/Ce0.5Zr0.5O2;-2.144548;1.3989508;-0.094942786;-0.118954346;0.7499793;0.69604313;0.36569557;0.8113215;-0.5514864;-0.23907655
5wt%Ni/Ce0.8Pr0.2O2;-1.1537105;0.9611778;-0.006755138;-0.5284922;0.7382973;0.64659;0.4203472;0.7831959;-0.17954911;0.09999017
5wt%Ni/Ce0.8Zr0.2O2;-1.8375791;1.4275144;-0.13841054;-0.055116203;0.5706716;0.6383162;0.15553755;0.89117754;-0.27625555;0.07416518
6%Y-NiO/SBA-15;1.770129;-0.52351475;0.2196176;-0.14949507;0.6262249;-0.07779262;-0.17460364;0.19122532;-0.64765817;0.006167836
6.2%Ni-SiO2;1.1908317;0.64786893;-0.8008312;-0.46704775;-0.26275563;0.02036355;0.0435267;0.2224237;0.03139951;0.023210308
6.7%Ni-SiO2;0.9587898;0.3654937;-1.0298228;-0.7319965;0.045495644;0.17744823;0.18567312;0.00629432;-0.19480747;-0.09284398
6.7%Ni/meso-SiO2;0.8559647;0.4487924;-0.42383555;-0.31574863;0.45634365;0.48238495;-0.5955261;0.22592433;0.35565275;0.03933144
6PAl-10Ni;1.0911704;-1.3324031;-0.002575961;-0.31016827;0.17719148;0.24969564;0.34224474;-0.7264427;-0.8376868;-0.14539248
7.5%Ni-MgO-Al2O3;1.3295428;0.7074695;0.12500168;0.037244316;0.86068434;0.17539047;0.06568222;0.009715322;-0.19539689;-0.19434354
750-NC;0.7464792;0.12313501;0.7787956;0.58506346;0.9511091;-0.12496979;0.34106955;-0.09635796;-0.644931;-0.9012104
7Ni/MgO;-1.4491632;-0.40558726;-1.498469;1.0993798;0.24498639;0.39469704;1.2152559;0.12606297;-0.76055044;0.038314596
8.2 wt%Ni/HTASAO5;-0.25338313;0.76625943;-1.6116618;-0.83342135;-0.105220504;0.4480021;0.048929974;-0.5546835;-0.025989538;-0.18369146
8.8%Ni-SiO2;0.6023619;-0.18297338;-1.2553071;-0.443907;0.40052417;0.16687918;-0.103624605;0.15929869;-0.31772318;0.103275895
850-NC;0.41156358;-0.08921335;0.66222876;0.6134671;1.1632408;-0.19344255;0.35543078;-0.12941116;-0.7404584;-0.8545733
9%Y-NiO/SBA-15;1.7493213;-0.8317222;0.17594247;-0.055371862;0.7022779;-0.030864077;-0.12761654;0.19444959;-0.58779246;0.03229052
B(3)-Ni/MA;0.5754527;0.1559665;0.253219;0.10994201;-0.96306366;0.4949954;0.1998317;-0.30979532;0.7573423;-0.5574197
CA;-1.4742004;-0.7038282;2.300412;-1.6301469;-1.0143381;0.78528184;-0.13090782;0.39192292;1.1253104;0.15274006
CB-LDO;-1.904784;-1.2712735;-0.040754233;0.5498843;0.34488723;0.37409362;0.91293;-0.38696563;0.38447663;-0.013058557
CP;-0.84525275;-1.1897428;0.19179577;-1.4269595;-1.180117;0.14678906;0.090865396;-0.03130725;1.3818223;-0.096890256
Ce (10)-Ni(15)/perlite;0.5264233;-0.053607237;1.06669;-0.10961762;-0.6345041;0.57166797;0.21925707;0.42156142;0.42308635;-0.84798074
Ce (20)-Ni(15)/perlite;0.3499501;0.12208435;0.87064934;0.046862457;-0.39666283;0.45280874;0.3385088;0.39964017;0.34381923;-0.863204
Ce(0)-NMA-COP;1.0565103;-1.0216236;-0.3566885;1.0054839;0.47593868;0.38581774;0.49977702;0.6320536;0.055982012;-0.4328027
Ce(1)-NMA-COP;1.2227277;-0.8104457;0.38882807;0.311299;0.10018263;0.51459634;0.1478507;0.39672723;0.22454719;-0.29705775
Ce(1)-NMA-IMP;1.4474547;-0.7274312;0.8887625;0.32781112;-0.23747097;0.6475077;0.29291603;0.09355327;0.6410903;-0.5859001
Ce(3)-NMA-COP;0.8031244;-0.99724054;0.007044991;0.52490014;0.6867648;0.42327347;0.34189105;0.1528194;0.04383536;-0.47123465
Ce(3)-NMA-IMP;1.232476;-0.80204123;0.5338723;0.48398405;0.20710222;0.5560533;0.5375541;-0.08608538;0.4741569;-0.6417683
Ce(5)-NMA-COP;0.70282733;-1.4056156;0.15257357;0.5191014;0.89703804;0.44813085;0.533194;0.34510806;-0.21708764;-0.51073426
Ce(5)-NMA-IMP;1.3024194;-1.1375257;0.6332801;0.54094106;0.55346936;0.59549373;0.7333974;0.14967544;0.121682175;-0.67556024
Ce-NHS-SiO2-S;2.0441318;-0.7192407;-0.54050064;-0.7001866;0.22632003;-0.25379157;0.05138617;0.36082473;-0.26165637;0.2543577
Ce0.2Pr0.8O2;-0.62061036;0.2552204;0.85687953;-0.9172383;1.5566843;0.33899805;1.0977597;0.6446969;0.5369131;1.0217512
Ce0.35Pr0.65O2;-0.0383681;0.9838537;0.7132388;-1.3316288;1.4111012;0.73033047;0.85514045;0.096578084;-0.23192059;0.05339749
Ce0.5Pr0.5O2;-0.57146126;0.45945665;0.7961644;-1.0159335;1.5205923;0.6910614;1.1604213;0.43807408;-0.3643848;0.34818453
Ce0.8Pr0.2O2;-0.43503067;0.7088758;0.7370245;-0.93454784;1.3913274;0.18932955;1.0862386;0.8748738;0.44464427;1.0041862
CeNi0.9Zr0.1O3;-2.6227276;1.1142114;0.37135145;0.20216648;0.8392126;0.37553912;0.24564764;0.31343;-0.118765876;-0.46255562
CeO2-Ni-Ps CS;1.0628895;-0.060216002;-0.45677575;-0.39644426;-0.117035806;0.43215516;-0.39022604;0.425723;0.13367416;0.42174232
CeO2-Ni-Ps YS;1.1451349;-0.12193063;-0.12176824;-0.33892182;-0.13875644;0.3678617;-0.5480966;0.35371056;0.12014031;0.23077267
CeO2-Ni/SiO2;0.9493434;1.1502246;-1.078851;-0.1860871;-0.14990322;0.44192317;-0.1545096;0.6212194;0.44875914;0.24379033
Ce-Ni/SBA-16-MgO;1.9807516;-0.5419768;-0.0631719;-0.1400714;0.021863338;0.19963878;0.6534569;0.27946374;-0.18063653;0.03600654
Cs-Ni-La2O3;-1.46054;1.124453;-0.1258748;-0.003397659;-0.29351988;-0.5207159;-0.07097507;0.21598107;0.10075401;0.22733675
HMA-Ni/SBA-15;1.851008;-0.24175844;0.23261352;-0.47081408;-0.65134084;0.056079462;0.23533562;0.19908345;-0.22314644;0.14859329
HNi;-2.2319586;-0.10917334;-0.20548922;1.0751556;-0.81875247;0.65634626;-0.62857604;-0.49463016;-0.33767557;0.8637984
HNiZr10;-2.7561264;0.13537632;1.9093312;-0.26077798;-0.6661373;-0.30162302;-0.6187649;-0.09207887;-0.6284439;0.3650474
HNiZr3;-2.2266774;0.8156898;0.69262296;0.9712707;-0.14598535;-1.3267939;-0.2657357;-0.78657645;-0.16921325;0.23377341
HNiZr5;-2.687257;0.41040123;0.6860479;0.64759177;-0.7443222;-0.521349;0.337808;-0.49771675;-0.57047737;-0.32188022
HT;-2.089423;-0.42611316;1.6000446;-1.0566788;-1.1027501;1.1727881;-0.44719997;-0.47838032;0.40409154;0.6255568
HT Ce;-1.4750552;-0.70029604;2.3030167;-1.6318429;-1.0148696;0.7857444;-0.12923361;0.3937452;1.128992;0.1546338
HT Ce/Y0.2;-2.5023355;-0.10519818;0.88721293;-0.5824781;0.54313594;-0.08674824;1.1406153;0.59847474;1.6419914;0.5971552
HT Ce/Y0.4;-2.4738283;-0.19967718;2.1761758;-1.3070694;0.117510006;0.70282406;1.0660604;0.4041113;0.8310682;0.054922417
HT Ce/Y0.6;-2.6264644;-0.41960347;2.0514421;-1.3165734;0.09070772;1.1010759;1.0731127;0.48154217;0.6871855;0.010028805
HT/Zr;-2.9448261;-0.9352618;1.7066005;-0.9143752;-0.002278576;1.3991762;-0.3943783;-0.06883211;0.5692183;1.098683
HT/ZrY0.2;-2.5595632;-0.09985373;2.0186534;-1.0098604;0.28486153;-0.36992198;0.2412839;0.5570883;1.5915359;0.93059886
HT/ZrY0.4;-2.197917;0.12843364;2.2557616;-1.0896763;0.27536312;0.9069416;0.24251969;0.030327322;0.46644434;0.4184817
HT/ZrY0.6;-2.8130486;-0.33076414;2.46156;-1.4296571;0.52631396;1.304302;0.5890893;0.16677101;0.3148955;0.15639207
HTNi;-2.2319586;-0.10917334;-0.20548922;1.0751556;-0.81875247;0.65634626;-0.62857604;-0.49463016;-0.33767557;0.8637984
HTNi-Zr;1.1292602;-1.0320811;0.9816343;1.521709;0.21148038;-0.36555737;-0.55257976;-0.3185245;0.12464764;-0.3091136
HTNi-ZrY0.4-cop;1.2090368;-0.98764;1.1585854;0.7920462;1.3884792;0.08021136;-0.38535416;0.40073302;0.25038445;-0.2088339
HTNi-ZrY0.4-imp;1.8006309;-0.8177653;0.9886898;0.49125835;0.5314089;-0.14240372;-0.16255406;0.21766815;0.05033571;-0.25468868
HTNi25-Ce;0.1313902;-0.05430305;0.4431907;-0.30740333;-0.036990702;-0.65904665;-0.1602849;-0.8159963;-0.6080225;0.117910124
HTNi-Y0.4;-1.2181222;0.6370767;1.2695445;0.048634946;-0.2458591;0.47435698;-0.19013917;-0.4924376;0.23218392;0.27989107
In0.1Ni-SiO2;0.751842;0.089038104;-0.63517976;-0.4846608;-0.26553655;0.4430432;-0.32448474;-0.44569433;0.11214144;0.17914003
In0.5Ni-SiO2;0.6607826;0.10700391;-0.90757054;-0.5192325;-0.4847272;0.41600478;-0.1707294;-0.28431708;-0.076710016;0.053852044
In1.0Ni-SiO2;1.1809791;0.3404519;0.012684741;-0.17343523;-0.41339996;0.44994953;-0.1409361;-0.059231773;0.19378947;0.07120338
In3.0Ni-SiO2;1.2051526;0.43765926;-0.47528598;-0.39925396;-0.33014765;0.28286606;-0.028462054;-0.09832352;0.2638284;0.08422156
K-Ni-La2O3;0.49713928;1.5494127;-0.87721413;0.80179167;-0.2112115;-0.4548898;0.018881246;-0.012765403;0.47649232;0.04156089
La0.6Ce0.4Ni0.9Zr0.01Y0.09O3;-2.2007172;0.5970432;1.4044994;-1.143811;2.1763604;0.8158398;0.23549898;0.8054827;-0.56393975;-0.21147221
La-Ni/SBA-16-MgO;1.621909;-1.0267992;-0.36837715;-0.2915008;0.14671277;-0.21466485;0.29934013;-0.24427435;-0.13028774;0.056870233
Li-Ni-La2O3;0.49713928;1.5494127;-0.87721413;0.80179167;-0.2112115;-0.4548898;0.018881246;-0.012765403;0.47649232;0.04156089
M-Ni-SiO2;1.9428226;-0.15082836;-0.8481058;-0.21675502;-0.3033584;0.035607465;0.45164135;0.5576382;0.018614855;0.19603899
MPt1;0.19158827;-0.066546865;1.5839183;-0.53358763;-0.7016808;0.58782417;-0.4279761;-1.077002;0.13719063;0.03670916
MPt2;-0.63917977;0.17426744;1.5579296;-0.47231042;-0.15320948;-0.17244743;0.44039905;-1.1045003;0.8685626;0.0451002
MPt3;-1.1172833;0.54053897;0.9246289;0.10279714;0.16519511;-0.520704;0.12985215;-1.5979096;0.31576508;0.20320305
MPt4;-0.6039887;-0.19526441;1.4622487;0.049592763;-0.485297;0.34123302;0.8804105;-1.2181089;0.10843848;0.13031504
Mg-Ni-MA;2.0157208;-0.78971165;0.644668;0.41476297;-0.48311695;0.2621891;0.37052426;0.17786358;0.2145287;0.42812955
MgeNi-MA;1.1336997;-1.0302336;0.98184633;1.5180526;0.20993222;-0.36951402;-0.550092;-0.31901187;0.1242919;-0.31154597
Mg-Ni-La2O3;0.49202102;1.5517277;-0.8789518;0.8043134;-0.21365173;-0.4539994;0.019609516;-0.01099761;0.47456762;0.042891357
NAC;-2.3519099;-0.9967085;0.47285873;0.37894636;-1.9106046;-0.873067;0.043886732;0.44248617;0.29214647;-0.08281704
NAC-0.8% Gd2O3;-2.7366924;0.37119758;0.35872877;0.28052273;0.5851968;-1.4531769;0.50631016;0.017380975;0.21606515;0.7177348
NAC-1%Gd2O3;-1.5865983;1.0623119;0.98886067;0.15398121;0.008235629;-1.0041691;0.20183563;-0.2978904;-0.20093156;0.8130629
NAC-1.2% Gd2O3;-1.0991026;1.2474195;1.0417646;-0.374116;0.053533446;-0.52640194;-0.014701659;0.027619142;0.24210759;0.6756249
NAC-1.4% Gd2O3;-1.4372423;1.4369411;0.8218292;-0.41861913;0.13246062;-0.5825876;0.028957466;-0.3016996;0.011255373;0.34020704
NAC-2%Gd2O3;-1.1960665;1.291577;0.2622261;0.0879934;0.12712371;-1.0883225;0.42789656;-0.03191863;0.5564185;1.2989205
NAF;-1.851936;-0.38443357;0.743692;0.72050816;-1.3126343;-0.26330262;-0.44600365;0.11824638;0.17432271;-0.1009601
NAU;-2.2283285;-0.110754825;-0.20685871;1.07238;-0.8215213;0.6551432;-0.62699246;-0.49516743;-0.3386094;0.8653353
NAW;-2.2283278;-0.110754825;-0.20685865;1.0723804;-0.8215219;0.6551448;-0.62699145;-0.4951663;-0.33860892;0.8653361
NCA;-2.3519099;-0.9967085;0.47285873;0.37894636;-1.9106046;-0.873067;0.043886732;0.44248617;0.29214647;-0.08281704
NCMZ ();-2.280977;-0.94939315;0.19784918;0.4106913;-1.1716472;-0.9835011;0.64378005;0.40042737;0.5911412;-0.703256
NCZA;-2.3519099;-0.9967085;0.47285873;0.37894636;-1.9106046;-0.873067;0.043886732;0.44248617;0.29214647;-0.08281704
NHS-MSS-A;1.5867485;-1.1418977;-1.191565;-1.2505488;-0.22192645;-0.27256757;-0.17613973;0.34821895;-0.112968996;-0.09041608
NHS-MSS-As-.3;1.7120332;-0.77726024;-0.51114845;-1.5191381;-0.07337453;-0.5464113;-0.12179737;0.45592877;0.22817364;-0.06918964
NHS-SCS0.1-S;1.1328609;-1.2300317;-0.9618838;-1.7125795;0.19733635;-0.26277238;-0.29982165;0.6553888;-0.048403922;0.15809733
NHS-SCS0.3-S;0.7843631;-1.1052233;-1.4329292;-1.6997807;0.29408202;-0.6931156;-0.23223594;0.6198205;0.03455286;0.049554043
NHS-SCS0.6-S;0.8693164;-1.3765837;-1.5858972;-1.5939952;0.31198743;-0.27186242;0.16958386;0.60227203;-0.16515048;0.09087566
NHS-SiO2-S;1.2276115;-0.8931055;-1.4929603;-1.2669045;0.2466194;-0.32265013;-0.070856564;0.35755587;-0.009792225;0.1708061
NMZ ();-1.3690871;-0.4088019;0.6495397;-0.31340748;0.119682334;0.9253368;-0.60407734;-0.008699541;1.1810029;-1.5534241
NP(1.5)/SBA-15;0.94257605;-0.7679597;-0.03017248;-1.123079;-0.09206354;0.07697059;0.123912916;-0.2790213;-0.2148362;-0.6418188
NP(1.5)/SBA-15(A);1.0710914;-0.42847222;-0.10654819;-0.83315295;-0.48849055;0.051924493;0.2665781;-0.22408448;0.10761918;-0.5753548
NP(1.5)/SBA-15(N);0.8891975;-0.54925317;-0.2023924;-0.6704029;-0.474417;0.12282887;0.25172374;-0.11294954;0.06824385;-0.6953576
NP(10)/SBA-15;1.2197317;-0.85044616;-0.08941297;-0.7463446;-0.46665877;0.06812294;0.27255163;-0.30002958;-0.052967213;-0.50609213
NP(15)/SBA-15;0.7540415;-0.7072486;-0.115430996;-0.89080215;-0.36535776;-0.0603584;0.20298508;-0.36682448;-0.26717326;-0.5490788
NY25Z75- CP;-0.2513583;0.53298104;0.14923206;-0.41474172;0.16746716;-0.37255096;-0.09086135;-0.91065824;-0.6174506;-0.61375195
NY25Z75- Zr(OH)4;-0.59908074;1.7622732;0.060135834;0.06468408;-0.1149515;0.42652908;-0.348909;-0.7308038;-0.101826794;-0.2793899
NY25Z75-ZrO2;0.25784358;1.633298;-0.038615465;-0.005250899;-0.31401333;-0.039587613;-0.1324857;-0.26315328;-0.09490089;0.026295988
NZH-c;0.40906635;-1.0364482;0.535269;1.5364931;0.26158804;0.46946988;-1.203566;-0.30847093;0.32084996;-0.16270722
NZN-c;1.6687603;-0.6153234;-0.08668669;0.60573214;-0.4671305;0.11431396;1.045018;0.43268326;-0.09325096;0.111994214
NZO-c;2.2608085;-0.4155964;-0.13867252;1.0247276;0.5751006;0.06307498;0.51965576;0.67786634;-0.11781608;0.13552353
Ni (10)-MAl;0.71121496;0.1895012;0.61950564;0.6979517;-0.5745583;0.050420586;0.19612156;-0.11137817;0.23020789;-0.4277772
Ni (15)-MAl;0.9988748;0.6854207;0.42605814;0.592349;-0.8498367;-0.006748435;0.10666236;-0.055109132;0.064859726;-0.616322
Ni (7)-MAl;0.009045173;-0.16767661;-0.6809673;1.1901067;0.34472886;0.27900264;0.7713213;-0.18578684;-0.27777544;-0.6560724
Ni/MgAl;-2.775417;-0.8144552;1.002762;0.8488564;-1.1558326;0.090297356;0.2897554;-0.003426978;0.3130988;0.12084284
Ni-Si;0.78677016;-1.1693097;-0.9898893;0.25293803;0.42791197;0.1589624;-0.7044625;-0.54696923;-0.025181526;-0.08371066
Ni-Si-CNF;1.1381011;-1.5320606;-0.76051164;-0.57269895;0.35574841;-0.5258886;-0.11324315;0.47272947;-0.15066943;-0.2454439
Ni-SiCe;1.5274981;-1.0596768;-0.78339046;-0.30797514;0.1046724;-0.64924383;-0.12591273;0.6523547;-0.25127026;-0.19023655
Ni(10)/CZ;-1.7417825;0.09888307;0.37757793;0.58928853;-1.1513593;-0.58721465;-0.12909818;0.57178146;0.38331217;-1.3887849
Ni(12.5)/Ce(3)-ZA;0.31170562;0.7773533;0.30549544;-0.01526593;-0.41342756;0.16245013;-0.012442459;-0.1574472;0.43357876;-0.82201856
Ni(12.5)/Ce(5)-ZA;0.50586426;0.7099648;0.24884807;0.13348684;-0.25816172;0.17975262;0.18881407;-0.091972016;0.34343046;-0.87338716
Ni(12.5)/Ce(7)-ZA;0.44248405;0.65065444;0.27486703;0.15161054;-0.17449582;0.15402122;0.23701134;-0.12683252;0.29781494;-0.8651958
Ni(12.5)/ZA;-0.665704;0.81505066;0.34385306;-0.48428652;-0.8909051;-0.0657956;0.101505004;-0.18543729;0.62934166;-1.2928803
Ni(15)/perlite;-0.40042463;0.63944495;0.43912357;-0.19987302;-0.7717651;0.64784116;-0.01056704;-0.19069305;0.626642;-1.0636169
Ni-2;0.73927367;0.08283885;0.73303795;0.92145735;0.44792485;-0.5070794;-1.0145179;-0.95556813;0.8774964;-0.11786817
Ni-2.5Al-7.5Mn/ZrO2;0.5671858;0.53953564;1.1953926;-0.63092697;0.8018964;-0.06914251;-0.5714177;-0.034359172;0.18037997;-0.76681507
Ni-4;0.108193114;-0.10368843;0.74093455;1.1692235;0.9015469;-0.09327163;-1.5048136;-1.3275506;0.26466015;-0.4377322
Ni-5Al-5Mn/ZrO2;0.7170491;0.4725174;0.4525178;-0.171433;0.20821486;-0.30936238;-0.5720489;-0.2979192;-0.13031241;-0.5245888
Ni-5Al/ZrO2;0.56249076;0.49940383;-0.4884262;0.61473805;0.3088579;0.029194886;-0.5027086;-0.3233788;-0.39047763;0.11293267
Ni-5Mn/ZrO2;-0.07730684;0.2846919;-0.004622918;0.35578752;0.5880985;-0.37702194;-0.35106272;-0.56131613;-0.28402677;0.054700267
Ni-6;0.4500685;-0.7075828;0.7931302;1.0639342;1.0429971;-0.053110924;-1.1920797;-1.2013981;-0.17489794;-0.42456612
Ni-7.5Al-2.5Mn/ZrO2;0.44172144;0.4016021;1.2404398;-0.58826107;0.6529133;-0.19227597;-0.54433316;0.019702416;-0.13412695;-0.44442078
Ni-8;1.0506442;-0.93190145;0.69566923;0.9286051;0.71870697;-0.13755094;-1.0467247;-0.5444717;0.17027414;-0.48926136
Ni-ACS-Dop;1.7173104;-0.72522354;-0.06832835;0.528113;0.4734333;0.289794;-0.37817478;0.556774;-0.03792913;-0.01538428
Ni-ACS-Iex;1.9152635;-1.3837854;0.32152689;0.03236364;0.33965144;-0.19665025;0.22414868;0.54896456;-0.03851218;0.09732242
Ni-ACS-Im;1.9152635;-1.3837854;0.32152689;0.03236364;0.33965144;-0.19665025;0.22414868;0.54896456;-0.03851218;0.09732242
Ni-Al Pol;1.323799;-1.4256222;0.5001263;0.75773716;0.42746025;0.6223691;0.089380026;-0.75406605;0.29191658;-0.0963205
Ni-Al Srf;0.78677016;-1.1693097;-0.9898893;0.25293803;0.42791197;0.1589624;-0.7044625;-0.54696923;-0.025181526;-0.08371066
Ni-Al/Fe-clay;2.0430744;-1.2185876;0.96888393;0.3030522;0.46539533;-0.31240058;-0.16608268;0.5055878;0.09906197;-0.24241662
Ni-AlO/BN;1.8156018;-0.910085;-0.42396054;0.7708412;0.5888747;0.16757071;0.08460729;0.082392275;-0.077422366;-0.031008897
Ni-BEA-c;1.802639;-1.0441248;0.50488406;0.4536739;-0.29562238;0.15037459;-0.08082416;0.07417578;0.15914138;0.43620333
Ni-Ce;-0.68862766;-1.2832539;0.17752928;1.439931;0.07152083;0.6381207;-1.0733415;0.65474343;0.08462058;-0.03796874
Ni-Ce Pol;-0.056719538;-1.5914971;-0.09246415;1.2276814;1.5124996;1.1245714;-0.095142856;-0.057983324;-0.24761413;0.056616772
Ni-Ce Srf;-0.13950805;-1.3765334;-0.9598483;0.65556395;0.5787364;-0.123943284;-0.6100688;0.2896638;-0.18605144;-0.46389198
Ni-Ce-Ar;1.4277722;-0.77260065;0.22400692;1.0234398;0.17954533;0.5652738;-0.23009233;0.07522187;-0.28694457;0.25268862
Ni-Ce-CO2;-0.17525388;-0.29350892;-0.6522587;0.79833037;0.6798072;0.43128997;-1.0265982;0.33826107;-0.11122978;0.5699484
Ni-Ce-H2;0.65578;-0.17610382;0.3388441;0.9700427;0.1368456;0.2365211;-0.75689024;-0.37055412;-0.022156114;0.13353966
Ni-Ce-O2;0.7510467;-0.19984107;-0.83559495;1.0626789;0.7216934;0.48871407;-0.50342953;0.14847423;-0.31847546;0.56122625
Ni-Ce5- 1/SiO2;0.71521306;0.37928575;0.30955723;-0.35560212;0.38006186;0.08658437;-0.8821683;0.26409382;-0.16151552;-0.026110178
Ni-Ce5- 2/SiO2;0.5880173;0.45934683;-0.04182982;-0.42264143;0.16717201;-0.108369656;-1.0664405;0.18115139;0.12874097;-0.03247264
Ni-Ce5- 3/SiO2;0.3252906;0.5751983;0.015835475;-0.44530588;0.16964035;-0.17107506;-1.1982386;0.009689235;0.22785519;-0.12781788
Ni-CeO2/SiO2;0.7073649;0.72960085;-0.7106551;-0.25285026;0.15284435;0.09530821;-0.80093;0.43818542;0.14947236;0.19928995
Ni-DHT;1.1293554;-1.0374808;0.9816967;1.5333796;0.22093552;-0.35937312;-0.5499202;-0.31845772;0.13453038;-0.30581543
Ni-DLH;1.1293552;-1.037481;0.981696;1.5333797;0.22093564;-0.35937336;-0.5499195;-0.31845778;0.13453117;-0.30581498
Ni-DML-160-1-1;2.124169;-0.29092094;1.185911;0.31370077;0.026052587;0.07131759;-0.3997683;-0.1568666;0.21236987;0.3036555
Ni-DML-160-2-1;1.8302963;-0.090357624;1.3624316;0.38315997;0.062828526;-0.16620576;-0.55108684;-0.22554998;0.38037884;0.13545825
Ni-DML-160-3-1;1.910979;-0.15436547;1.3606896;0.32044354;0.24033391;-0.22271697;-0.43173152;-0.24487406;0.16161048;0.12669401
Ni-DML-160-4-0.25;1.7264165;0.24448745;1.3438644;-0.13615385;0.59998256;-0.044349574;-0.5040939;-0.39402738;0.061428394;-0.04570904
Ni-DML-160-4-0.5;2.0221965;0.04021709;1.2520294;0.020376598;0.39629233;-0.055069458;-0.43900663;-0.3123679;-0.0519604;-0.07535834
Ni-GRF;1.8232309;-0.97082835;0.22372566;0.8841515;0.6346936;-0.08595412;-0.4043351;-0.000374938;0.180285;-0.22619283
Ni-IMP;2.0428987;-1.561289;0.76079965;0.3567709;0.56212693;0.182209;0.64213777;-0.06702385;-0.06548049;0.031559013
Ni-K/MgAl2O4;1.0545219;0.70593303;-0.23902634;0.2230144;0.33725208;-0.32295159;-0.023210926;-0.1398066;-0.17349015;0.14162591
Ni-La-Imp;2.2608254;-1.1474562;0.9135296;0.29226664;-0.018949585;0.087739505;0.23214005;0.005234951;0.2152439;0.10547389
Ni-La-Imp-P;2.4736183;-1.2666212;0.87519825;-0.017385077;0.31692424;-0.20661353;0.35593393;0.25804913;0.2158736;0.085707225
Ni-La-Sol;2.0571432;-1.076861;0.09202064;0.49846444;0.3223718;0.29963186;-0.16563289;-0.09730528;0.06925693;0.17768446
Ni-La-Sol-P;2.3417346;-1.258122;0.43297148;0.0909166;0.6206545;0.088071644;-0.12913953;0.03179955;0.012541981;0.07239353
Ni-La/Fe-clay;2.0675232;-1.2268314;0.97500926;0.27721012;0.48726547;-0.31623313;-0.16875184;0.5059404;0.084736675;-0.25402743
Ni-LaCe 1:1;-0.6613224;-1.0963073;1.2838326;0.663607;-0.0388392;-0.23002207;-0.5256023;-0.23422053;-0.9552084;0.48351118
Ni-LaCe 1:4;0.1024524;-0.046808336;1.3758136;0.2717294;-0.1755645;-0.60748804;-0.5306739;-0.61471504;-0.6038946;0.42189023
Ni-MCM-41;0.85007983;-0.019962624;0.8446842;0.3251817;-0.57517207;-0.19680837;-0.49112347;-0.33776605;-0.44777006;0.5234271
Ni-MK-700C;1.9693382;-1.2788771;0.4604679;0.5293549;0.78354836;-0.1390132;-0.21539156;-0.061305337;-0.1280292;-0.38751206
Ni-MK-800C;1.8217559;-1.3719436;0.30737132;0.7790577;0.80686504;-0.012892797;-0.18206097;-0.13055156;-0.008900507;-0.22051477
Ni-MK-900C;1.9786248;-1.3255684;0.4667224;0.643015;0.81007653;-0.1205615;-0.2784163;0.031174738;0.01598177;-0.40286627
Ni-MWW;1.1292602;-1.0320811;0.9816343;1.521709;0.21148038;-0.36555737;-0.55257976;-0.3185245;0.12464764;-0.3091136
Ni-MgAl;1.1292602;-1.0320811;0.9816343;1.521709;0.21148038;-0.36555737;-0.55257976;-0.3185245;0.12464764;-0.3091136
Ni-PS-Ce0.8Zr0.2O2;1.2204762;-0.3356515;0.54442114;-0.6987961;0.9831882;0.012659588;0.40638945;0.2511161;-0.052643903;0.3262636
Ni-PS-Ce0.95Zr0.05O2;1.1133814;-0.5641157;0.44297302;-0.778026;1.0269792;0.19832581;0.28733295;0.17398366;-0.39646202;0.076685935
Ni-PS-Ce0.9Zr0.1O2;0.93710625;-0.767734;0.6686489;-0.52509433;1.0652322;0.22478774;0.06988801;0.12758903;-0.0692564;0.2556755
Ni-PS-CeO2;1.6558216;-0.69582796;-0.22190362;-0.20953703;0.37929854;0.13107091;0.1942612;0.18057063;-0.23806243;0.3832657
Ni-SiO2- NH3-H2O;1.6118659;0.676474;0.15933329;-0.21238974;-0.1955304;-0.3646366;-0.4777778;0.019869665;0.16609338;0.14418894
Ni-SiO2- NaOH;1.748321;-0.34350914;-0.84383285;-0.243122;-0.017879851;0.0244378;-0.3044535;-0.1265057;-0.17306297;-0.20118967
Ni-SiO2- Urea;1.9678528;-0.21853253;-0.46917138;-0.18652268;-0.013384173;-0.21024068;-0.5628214;0.014415504;-0.003814045;-0.026209524
Ni-Zr Pol;1.3201554;-1.4252626;0.49724978;0.76002145;0.4221991;0.6210901;0.09278891;-0.7568135;0.2926754;-0.09681565
Ni-Zr Srf;0.78996265;-1.1675311;-0.9883704;0.25086433;0.42812315;0.15761454;-0.70251876;-0.5482432;-0.026022831;-0.0829404
Ni-ZrO2/SiO2;1.4111992;0.5281837;-0.9673916;-0.2753132;-0.100094736;0.11721137;-0.43926868;0.25247145;0.3568396;0.12864669
Ni-ZrO2-SiO2;1.864114;0.53218913;-0.5591686;-0.023839155;0.016050639;0.19641747;-0.33934277;0.2799608;0.2202326;0.29582286
Ni-yolk-Ni-SiO2-11.2;1.9468523;0.13608848;0.4461733;-0.24574585;0.54960704;0.3728251;-0.36761677;0.27100843;0.070070535;0.3834678
Ni-yolk-Ni-SiO2-15.1;2.0910408;0.027835773;0.55805516;-0.12165683;0.38972297;0.36950088;-0.31434354;0.2759718;-0.1193337;0.3676972
Ni-yolk-Ni-SiO2-8.6;2.1471062;-0.23040095;0.30790353;-0.1319097;0.4370504;0.39138898;-0.27104115;-0.14449222;0.02538096;0.25364235
Ni/Ce50- Zr50;-3.18403;0.725403;0.76117516;-0.21750896;0.7613229;-0.20371205;0.16777469;0.3068842;-1.2554873;0.033008296
Ni/(-Al2O3);-0.13565545;0.9181991;-0.15283301;0.2843574;-0.19939259;-0.4304853;0.3083467;-0.47782823;0.4043844;-0.19769074
Ni/(Al2O3-Crush);-1.6687661;-0.12528418;-0.44193217;-0.06688765;-0.2781418;-0.15797542;-0.51114875;0.01350982;0.7163996;-0.1570128
Ni/(Al2O3-Sigma);-0.27156493;0.45365515;-1.0841496;-0.38547847;-0.4465717;-0.43961245;-0.02148326;-0.3496786;0.43608388;-0.15866108
Ni/0.0.33ZnAl;-2.2703457;0.13632621;-0.115312085;-0.088030614;0.43590203;-0.38060048;0.36517283;-0.4300646;0.5127903;0.2050095
Ni/0.5ZnAl;-2.7969148;-0.75254625;0.38647905;-0.22734322;-0.6316368;0.38067454;0.20654237;-0.28966922;-0.08825821;-0.026471868
Ni/0La-Si;-0.9391391;-1.0556194;-1.86245;-0.7080954;-0.81241345;0.674671;-0.23486425;-0.16856988;0.19095562;0.35454994
Ni/10% CeO2- MgO;-1.7409315;0.7942199;-0.41285244;0.86410683;0.91158515;0.27755544;-0.5434159;0.056087434;0.29595453;-0.08474934
Ni/15% CeO2- MgO;-2.1254458;0.5834804;0.22684233;0.47494072;0.20835495;-0.15093368;-0.6226186;-0.39410654;0.15946516;-0.4174819
Ni/18CS;-3.2537656;-1.14548;0.82917756;-0.6954509;-0.001488386;-1.5601915;-0.35408005;0.35069653;0.10745085;-0.48397747
Ni/1La-Si;-1.172802;-0.38159028;0.40202826;-0.2501598;-1.037874;-1.086808;-0.20189604;-0.18210685;0.31083438;-0.40064275
Ni/1ZnAl;-2.425582;-0.9875046;2.019517;-0.07144759;-0.6505164;-0.4620265;0.04630995;0.07835227;0.5673885;-0.4374119
Ni/2.5La-ZrO2;-1.9007527;0.90797925;-0.23696354;0.16746294;1.1324832;-0.6690814;0.49534363;0.37044895;0.38599452;0.9675295
Ni/20% CeO2- MgO;-2.1055567;0.79982907;-1.1860728;0.82964593;1.1774999;-0.2500337;-0.25227943;-0.08450757;0.586827;0.15462266
Ni/2La-Si;-0.7351469;-0.14084195;-0.6371767;-0.58732116;-0.48522043;-1.440325;0.4286113;-0.42871547;0.56052136;0.0628308
Ni/2ZnAl;-1.9261847;-0.20286283;0.94523174;-0.27588114;-0.33212078;-0.79401755;0.38295287;-0.51272655;1.046028;0.33672965
Ni/3.0La-Si-imp;-0.001064753;-0.5308021;0.46585828;-0.95410025;-0.4619722;-0.5938296;-0.3272911;-0.68579334;0.65780187;-0.12433115
Ni/30CS;-3.296094;-1.1957973;-0.6645001;-0.038314186;0.9994447;-2.0302234;-0.26410595;0.27282858;0.44553792;-0.5445574
Ni/3CS;-3.296094;-1.1957973;-0.6645001;-0.038314186;0.9994447;-2.0302234;-0.26410595;0.27282858;0.44553792;-0.5445574
Ni/3La-Si;-1.3542491;-0.24682878;-0.5026805;-0.20099121;-0.58614534;-1.6687903;0.43623552;-0.5587591;0.094691016;-0.2456092
Ni/3ZnAl;-2.5434902;0.022851495;0.99681383;0.2900469;-0.53267354;-0.761924;0.15592153;-0.56572235;-0.09001508;-0.35081798
Ni/5% CeO2- MgO;-1.8547488;0.6592881;-1.5148865;0.55049443;0.7708988;0.34877846;-0.5206308;-0.34037837;0.018845124;0.002478627
Ni/5La-Si;-1.264716;-0.19404165;-0.30551827;-0.60261106;-0.6549601;-0.34332728;0.31441873;-0.59705645;-0.67901844;-0.033004906
Ni/5La-ZrO2;-1.0587898;0.9347039;-0.7030975;0.007904859;0.395803;-0.35491934;0.33758333;0.047026414;-0.08469121;0.45215753
Ni/7La-Si;-1.9225181;-0.8400014;-0.734876;-0.23652866;-0.16346186;-0.48547605;0.61872065;-0.36344802;-0.5184884;-0.03785633
Ni/9CS;-3.4756262;-1.7121079;-0.8504822;-0.16756365;0.96071297;-1.5221967;0.124382965;0.8131129;0.254202;-0.3018364
Ni/AL2O3;-0.22620633;1.1343678;-0.7181015;-0.061718695;0.47035387;-0.97174907;0.7644343;-0.012488508;0.6443659;0.7131625
Ni/ALO;-1.3360738;-0.15395884;-1.6602808;1.1990315;0.42203906;1.2320836;-0.31654698;-0.47723716;0.5572996;-0.074517824
Ni/ATP;-0.512275;-1.6902813;-0.33580127;0.10923662;-0.3555816;1.2404567;0.58923113;-0.8961138;0.19052349;0.35464013
Ni/Al;-2.7814052;-0.8051979;0.99373084;0.84279156;-1.1419119;0.10246461;0.28063387;-0.002126358;0.31454626;0.11122844
Ni/Al-MWW;1.4704491;-0.5484738;0.6219917;1.0995343;-0.3456564;0.595353;-0.3588869;0.26873162;0.34683377;0.357828
Ni/Al-delMWW;1.4704491;-0.5484738;0.6219917;1.0995343;-0.3456564;0.595353;-0.3588869;0.26873162;0.34683377;0.357828
Ni/Al2O3;-0.22620633;1.1343678;-0.7181015;-0.061718695;0.47035387;-0.97174907;0.7644343;-0.012488508;0.6443659;0.7131625
Ni/Al2O3 -450;0.7790747;1.5142496;0.42102388;-0.1744526;0.15326181;0.10871085;0.08774131;-0.20331171;0.12230694;0.2580373
Ni/Al2O3 -550;1.0661979;1.4202365;0.22272477;-0.19287789;0.16548759;0.11454394;0.19092092;-0.16045465;-0.016598362;0.06299984
Ni/Al2O3 -650;0.94250387;1.4365611;0.24182785;-0.1393005;0.30072275;0.16970302;0.10446511;-0.24119219;-0.05160207;0.086121075
Ni/Al2O3 -750;1.1049099;1.3341693;0.17510745;-0.02643203;0.33758333;0.00553947;0.1782344;-0.28877765;-0.035730977;0.018323138
Ni/Al2O3 -Imp;1.4611417;0.4860077;0.5866047;-0.078236386;-0.00837064;0.09063859;0.15534404;-0.20979917;0.3906169;0.11910816
Ni/Al2O3 -Nit;1.0720174;0.59273326;-0.320194;0.09849041;-0.46217486;-0.37422287;0.4916167;-0.18965459;0.1727397;0.118883215
Ni/Al2O3 -Ole;0.59774804;0.5741811;-0.6429488;-0.008002174;0.1627457;-0.31528065;0.24799286;-0.76168036;0.4106676;0.19626252
Ni/Al2O3-F;-0.73907244;0.83861804;-0.42622194;-0.107816495;0.45124435;-1.1870619;0.83996415;-0.37676933;0.88587457;-0.020602807
Ni/B-MWW;1.7048658;-0.8338342;0.31685504;0.16379628;-0.59783006;0.08801303;0.17790845;0.17642751;0.13545477;0.11890568
Ni/B-SiO2;0.96644163;-0.895756;-1.0338703;-0.54165983;-0.13461305;-0.041111242;-0.034719773;0.20173569;0.097591266;0.45085028
Ni/B-delMWW;1.7048658;-0.8338342;0.31685504;0.16379628;-0.59783006;0.08801303;0.17790845;0.17642751;0.13545477;0.11890568
Ni/BEA;-1.2415904;-1.3810128;0.82605374;0.1415521;-1.1430466;-0.024815068;0.27923137;-0.047040857;0.34950373;0.13143072
Ni/BN;0.09075798;-1.2603792;-0.41439402;0.25327957;-0.38495365;0.5842862;1.0458915;-0.7319021;0.21692067;0.3248671
Ni/C-Al2O3-700;0.15214902;0.83220077;0.44954616;0.14629309;1.1083317;0.059182715;-0.26053804;-0.27768418;-0.28100327;0.01453603
Ni/CAO;-3.2794526;-1.0773093;-1.3433348;1.0264837;1.7377033;-0.4047745;-0.15159655;0.4896528;0.068356164;-0.29153526
Ni/CS-BM;-0.6755421;-2.5684192;-0.44967932;-1.0960641;0.62763286;-0.8174288;0.21344884;0.46584368;0.12209023;0.21861424
Ni/CS-DP;-1.0263127;-2.8383937;-0.5618485;-0.90354764;1.2736821;-0.49223086;0.32322118;0.43210655;-0.17000979;0.31472152
Ni/CS-Imp;0.1663579;-1.6956335;-0.110240914;-0.27732083;-0.17783597;0.25545898;0.2601414;0.56360257;0.10772814;0.2507824
Ni/CZ100;-3.486724;-0.9451592;1.3635248;0.57992655;0.2366997;-0.8370467;-0.503894;0.8134834;-0.4351517;-0.13646834
Ni/CZ28;-3.281955;0.22719687;0.41452977;0.47911695;0.5343343;-0.5995971;0.043862;-0.08778377;-0.31754753;0.6026714
Ni/CZ44;-3.0656514;0.66535836;0.770249;-0.08063261;0.6234475;-0.53636074;-0.12931834;0.06452268;-0.8498815;0.5678021
Ni/CZ75;-3.408369;0.15897764;0.61072594;0.059252683;0.69831085;-0.4430549;0.2378703;0.26442438;-1.2512647;-0.058238365
Ni/CaAl;-2.978004;-1.248877;-0.2339614;1.2989162;-0.40029192;0.59415686;-0.39947692;1.0513637;0.12556647;-0.33028632
Ni/CaO-mSiO2;-0.2086038;-0.49660343;-1.9657557;-0.41584867;0.6239132;0.12159672;-0.706854;0.30473298;0.23023075;0.11895873
Ni/Ce;-2.978004;-1.248877;-0.2339614;1.2989162;-0.40029192;0.59415686;-0.39947692;1.0513637;0.12556647;-0.33028632
Ni/Ce-Al2O3;-1.6526506;0.4465072;-0.3868435;0.14130673;1.2832339;-0.8928597;-0.29991087;-0.19739881;0.08314581;0.60082364
Ni/Ce-SBA-15(R-0.04);1.38334;0.05603102;0.3051963;-0.8135272;0.31762975;0.095394894;-0.18327637;0.18072556;-0.06698133;-0.028933313
Ni/Ce-SBA-15(R-0.06);1.3796107;-0.06679864;0.02655636;-0.5764485;0.16793045;0.16552737;-0.21221825;0.19145057;-0.13407391;-0.07551201
Ni/Ce1;-3.4867237;-0.94516003;1.3635246;0.5799265;0.2366998;-0.8370462;-0.50389373;0.8134835;-0.4351511;-0.13646816
Ni/Ce2;-3.4432285;-0.058393277;0.1571362;1.0093118;0.30747756;-0.8011905;-0.33751714;0.4183985;-0.11157229;0.32841256
Ni/Ce3;-3.4191995;-0.06017709;0.7484645;0.45751312;0.35757682;-1.145463;-0.4093315;0.13918976;-0.46892115;0.112036556
Ni/CeAl;-2.9780035;-1.2488776;-0.23396133;1.2989162;-0.40029156;0.5941584;-0.39947677;1.0513633;0.12556696;-0.33028597
Ni/CeMnOx (1 : 1);-2.4052424;-0.37731278;0.74582636;-0.16612233;1.0229719;0.033170134;-0.4551871;0.6713694;-0.062054686;0.29896292
Ni/CeMnOx (1 : 4);-1.6132927;0.25366193;-0.20146833;0.052347247;0.5570665;0.032695226;0.07423112;0.19114397;-0.22567423;0.023730002
Ni/CeMnOx (9 : 1);-2.088092;-0.2308642;-0.34145916;0.21778037;1.188482;0.16928124;-0.065564014;0.3370221;0.12315304;0.146153
Ni/CeO2;-2.1792028;0.40459472;-1.5457389;0.81954336;1.0509547;0.2343675;-0.539997;0.44374716;0.04740063;0.23921667
Ni/CeZr;-2.978004;-1.248877;-0.2339614;1.2989162;-0.40029192;0.59415686;-0.39947692;1.0513637;0.12556647;-0.33028632
Ni/CemesoAl;-1.7203687;-1.1034467;-0.21848756;1.3067961;1.1549454;1.107685;-0.74996096;0.64467335;0.6197767;0.7078825
Ni/DFSBA-15;1.6712508;-0.46536118;0.12308025;-0.37993464;-0.15621874;-0.26410818;0.40499344;0.020473592;-0.2525273;0.040193222
Ni/DMS;-0.9391391;-1.0556194;-1.86245;-0.7080954;-0.81241345;0.674671;-0.23486425;-0.16856988;0.19095562;0.35454994
Ni/EXVTM-SiO2;0.48954558;-0.41779143;-1.8912963;-0.2514793;0.37681952;0.0615718;-0.27957633;0.5286081;0.16499862;0.41252735
Ni/F-SBA-15;1.6943481;-0.8980089;0.04982445;-0.6137801;0.66076094;-0.35180503;-0.04672181;-0.16484185;-0.28486502;-0.04166952
Ni/FA;-0.49664724;-0.5261252;0.08306164;0.9334247;-0.8096754;-0.10848012;1.2762245;0.19095378;0.34860763;0.22604582
Ni/FA-M1;1.2589487;-0.68614286;0.4475526;0.83746356;0.027007533;-0.1443823;0.32826704;-0.1305674;-0.107660696;0.01794158
Ni/FA-M2;0.90433;-0.48348618;0.12000521;0.53566164;0.15843053;-0.8000351;0.24940705;-0.08437255;0.42229882;0.20774478
Ni/FA-M3;0.98290163;-0.42474163;0.12400738;0.34148657;0.16797692;-0.9318146;0.20149218;-0.298752;0.26900414;0.05107087
Ni/K-Al2O3;0.7392191;0.92224866;-0.58851814;0.22943775;0.09369422;-0.59761465;0.09220753;0.19929609;0.43191046;0.6010622
Ni/La-DC;1.5262609;-0.7243865;0.45943192;0.6572247;-0.124555826;-0.1711375;0.8867525;0.7320138;0.26761502;-0.09270983
Ni/La-HP;2.0565782;-1.2858368;0.5567886;-0.01896854;0.31234768;0.16045079;0.9324883;-0.08840918;-0.07524999;0.3552889
Ni/La-ME;1.4518485;-0.5399782;0.6230895;1.0998027;-0.365509;0.5955367;-0.365921;0.27631718;0.3563764;0.3595343
Ni/La-SC;1.4518759;-1.2998528;-0.7799007;-0.46191683;0.11622003;-0.62250817;0.51031834;0.6461149;0.08488778;0.08557441
Ni/La-SG;1.8559675;-0.90140265;-0.33699667;-0.031261645;-0.04779782;-0.3665721;0.5808262;0.29098952;0.04243084;-0.033553045
Ni/La-ST;1.8559675;-0.90140265;-0.33699667;-0.031261645;-0.04779782;-0.3665721;0.5808262;0.29098952;0.04243084;-0.033553045
Ni/La0.8Mg0.2AlO2.9;-1.6953844;1.1941247;0.5769516;-1.1057311;1.7533811;0.6980179;0.25352493;0.05576074;0.25266436;0.6233686
Ni/La0.9Ca0.1AlO2.95;-1.9924784;0.53948236;0.49732658;-0.9741487;1.9787974;0.9175044;0.11662206;0.09401402;-0.36033338;-0.07390564
Ni/La2O3-mSiO2;1.0469371;0.9806643;-0.15238713;-0.31668973;-0.4456669;-0.18645446;-0.4152883;0.41858575;0.4335796;0.16150653
Ni/La2Zr2O7-ArP-C;-1.243695;0.19433725;-0.8921149;-0.60295874;1.0279984;-0.6420457;0.42547452;-0.59906304;0.60184234;0.075274356
Ni/La2Zr2O7-C;-1.7508433;0.7440927;-0.9253366;0.18431275;1.2199202;-0.8617558;0.35778424;-0.43533286;0.6808349;0.63560236
Ni/La2Zr2O7-C-ArP;-1.284024;0.101637505;-0.6189166;-0.26130202;1.3561121;-0.6475551;0.3723958;-0.6063155;0.69963884;0.13047218
Ni/La2Zr2O7-C-H2P;-0.8137838;0.23117593;0.16094089;-0.8448152;1.0400921;-0.9691707;0.4931241;-0.006796303;0.53228045;0.3836411
Ni/La2Zr2O7-H2P-C;-0.67358977;0.91951233;-0.2653901;-0.5290802;0.763692;-0.62497056;0.3572624;-0.1368542;0.51707304;0.5977591
Ni/LaAl;-2.776886;-0.8126691;1.0002471;0.8482455;-1.1538433;0.09329609;0.2889709;-0.00248174;0.31303152;0.11798282
Ni/LaAlC;-2.9665413;-1.2378627;-0.24129312;1.3002493;-0.3774157;0.60998374;-0.39602378;1.0488186;0.123119526;-0.3314385
Ni/LaAlO3;-0.587549;0.94539213;-1.352106;1.0809889;0.2586992;-0.17517021;0.07764888;-0.28828466;0.18196625;-0.027637832
Ni/M-Al2O3-500;1.5190306;0.9620574;0.4551645;0.014537195;0.20485222;-0.19122243;-0.0976304;0.03524432;0.041078202;0.21852522
Ni/M-Al2O3-700;1.6003726;0.79387426;0.33482224;0.10378325;0.31862983;-0.22931889;-0.09356953;-0.006049471;0.09062782;0.10900779
Ni/M-SiO;0.63360965;-1.1846442;-1.3056511;-0.28164855;0.29970998;0.11942947;-0.12720452;-0.1752412;0.18928704;-0.08687822
Ni/MA;-2.776886;-0.8126691;1.0002471;0.8482455;-1.1538433;0.09329609;0.2889709;-0.00248174;0.31303152;0.11798282
Ni/MAD;-2.776886;-0.8126691;1.0002471;0.8482455;-1.1538433;0.09329609;0.2889709;-0.00248174;0.31303152;0.11798282
Ni/MAD+PegMn;-1.2917501;-1.791479;-0.35566968;-0.032941617;-0.08451326;1.0820109;0.8723509;-0.78658426;-0.11351686;0.19248196
Ni/MCM-41;-1.9331974;-0.3660501;0.789671;0.37337688;-0.17271368;-0.49545315;-0.66579145;-0.13653009;-1.0463824;0.6291074
Ni/MCeZrc;-3.4158654;-1.0955051;0.093184516;0.87666905;1.027539;-0.24156094;-0.4602384;1.2357582;-0.36008793;0.06904917
Ni/MM-A;1.4518485;-0.5399782;0.6230895;1.0998027;-0.365509;0.5955367;-0.365921;0.27631718;0.3563764;0.3595343
Ni/Mal;-2.7768862;-0.81266946;1.0002471;0.848246;-1.1538435;0.093296036;0.2889711;-0.002481574;0.31303176;0.117983125
Ni/Mg-Al2O3;0.73921937;0.92224854;-0.5885184;0.22943783;0.09369434;-0.5976146;0.092207775;0.1992961;0.4319107;0.6010623
Ni/Mg0.2Al0.8Ox;-2.9219334;-0.14685893;-1.109249;0.2736522;1.1684693;-0.27327657;0.30888054;-0.8489419;0.46640185;0.19206093
Ni/Mg0.3Al0.7Ox;-3.0536675;0.003342821;-0.8042931;0.33433154;0.833982;-0.5169686;0.16591625;-0.88486075;0.16191073;-0.13938284
Ni/Mg0.4Al0.6Ox;-2.698957;0.12678689;-1.169562;0.21014698;0.85459983;0.3083256;0.26786193;-1.0074402;-0.056329124;0.2496097
Ni/Mg0.5Al0.5Ox;-2.3816466;0.33104423;-1.1545081;0.102648124;0.59560955;0.35905248;0.26139498;-0.8293937;-0.19456322;-0.044401534
Ni/Mg0.8Al0.2Ox;-2.6722076;-0.19261844;-1.3258065;0.19251756;1.374071;-0.15748711;0.16190925;-0.914827;0.5611961;-5.33E-05
Ni/MgAl2O4;0.06752717;1.3671097;-0.99833924;0.029024785;0.18187931;-0.46363634;0.62324375;-0.07400988;0.48309082;0.3341236
Ni/MgO;-1.3398225;-0.14390294;-1.6643854;1.1933112;0.41266695;1.2381238;-0.31928456;-0.4863189;0.55455476;-0.069178954
Ni/MgO-Al2O3;0.9003894;0.764396;-0.94205;0.661824;0.8208939;-0.43757963;0.14119463;0.29314157;0.2322506;0.081483126
Ni/MgO-Al2O3(11%);1.166437;0.63382685;0.3639952;0.11239315;0.9869756;-0.18262579;-0.11897106;0.07413522;0.06678506;-0.07980026
Ni/MgO-Al2O3(15%);1.1694604;0.9387631;-0.234455;0.19893795;0.43877283;0.20293008;0.036794394;0.031565648;0.013454107;-0.34548923
Ni/MgO-Al2O3(30%);1.0578262;1.1226171;-0.23327295;0.1650958;0.4311735;0.08320004;-0.16032505;0.012927154;0.24213803;-0.3032753
Ni/MgO-Al2O3(45%);0.8804619;1.4093125;-0.3367099;0.0415513;0.58417755;0.36655238;0.0419752;-0.21042593;-0.040394068;-0.47809163
Ni/MgO-Al2O3(8%);0.5587047;0.8784086;-0.44818917;0.36991847;0.72135025;0.09656686;-0.109343335;-0.1948491;0.03769421;-0.36085567
Ni/MgO-mSiO2;0.56818306;-0.095481105;-1.9299226;0.30421728;0.5282957;0.15385398;-0.41361505;0.35153827;0.115320265;0.12921813
Ni/NC;-1.220019;-1.2848195;-0.77745605;0.99891776;0.029408604;-0.13245116;0.70132995;0.20123215;-0.6752041;-0.24354793
Ni/NC-A;0.520388;-0.6617671;-0.27689794;1.3386623;-0.2545843;-0.14266764;0.6604311;0.86205137;-0.4446791;0.008972669
Ni/NC-M;0.520388;-0.6617671;-0.27689794;1.3386623;-0.2545843;-0.14266764;0.6604311;0.86205137;-0.4446791;0.008972669
Ni/NC-T;0.520388;-0.6617671;-0.27689794;1.3386623;-0.2545843;-0.14266764;0.6604311;0.86205137;-0.4446791;0.008972669
Ni/Pal-DP;0.26723877;-2.4409785;-0.15524115;-0.58254176;0.75714606;0.5047787;0.9051239;-0.75216573;-0.4872029;0.05725865
Ni/Pal-HP;0.26723877;-2.4409785;-0.15524115;-0.58254176;0.75714606;0.5047787;0.9051239;-0.75216573;-0.4872029;0.05725865
Ni/Pal-IM;0.95618933;-2.090997;0.29253522;-0.15739676;0.24127443;0.46353343;1.0261002;-0.57650685;-0.10420388;0.14783353
Ni/Pal-UHP;0.26723877;-2.4409785;-0.15524115;-0.58254176;0.75714606;0.5047787;0.9051239;-0.75216573;-0.4872029;0.05725865
Ni/Pal-UIM;0.95618933;-2.090997;0.29253522;-0.15739676;0.24127443;0.46353343;1.0261002;-0.57650685;-0.10420388;0.14783353
Ni/S-2;0.3042496;-0.6048833;-0.80692786;-0.6019036;-0.47357783;-0.79746777;-0.72317463;-0.07858993;0.084019326;0.09885267
Ni/SBA-15;-0.13005616;-1.0690478;-0.06529728;-0.8208099;-0.88959944;-0.6941899;-0.4008746;0.019570706;-0.6061105;0.19514644
Ni/SBA-15(CM);0.4339434;-0.6237628;-0.039312843;-0.9058569;-0.74293125;-0.5202127;-0.021294257;0.14753146;-0.21852688;-0.047811188
Ni/SBA-15(ace);0.27520218;-0.78540933;0.27922326;-1.0430717;-0.79747534;-0.5155941;-0.109209724;0.14121045;-0.16740185;0.12082321
Ni/SBA-15(cit);0.27520218;-0.78540933;0.27922326;-1.0430717;-0.79747534;-0.5155941;-0.109209724;0.14121045;-0.16740185;0.12082321
Ni/SBA-15(en);0.20453823;-0.77452;-0.025645956;-0.9988698;-0.7178041;-0.48344854;0.003856407;0.06704736;-0.09123038;-0.0327249
Ni/SBA-16-AE;1.4385746;-0.9708698;0.003107555;-0.55364513;-0.37425804;-0.21467032;-0.34985596;0.04194141;-0.27072936;0.24478379
Ni/SBA-16-CA;1.5035552;-1.0003763;-0.10813013;-0.8445378;-0.2838306;-0.44158867;0.14848384;0.24735212;-0.2783073;0.04771574
Ni/SBA-16-MgO;1.577073;-1.0326613;-0.38138872;-0.25749177;0.15782453;-0.19025421;0.26127833;-0.21840104;-0.1620702;0.05426701
Ni/SBA-16-WI;2.1771398;-0.886817;0.41283655;-0.49082175;-0.095309384;-0.19099066;0.30012536;0.29288307;-0.06312891;0.14035615
Ni/SBA15;-1.5303646;-0.5755245;-0.2020039;-1.0184783;-0.53993624;-0.8164548;-0.51544356;-0.20455104;-0.7531803;0.16389917
Ni/SC;-1.2100211;-1.3962644;-1.5609324;-1.0007141;-0.35103524;-0.6590168;0.123587474;0.6638386;-0.21162307;0.028968893
Ni/SH;-0.94915754;-1.0596262;-1.8583099;-0.70840573;-0.8081361;0.6739172;-0.23433544;-0.16732202;0.18604179;0.3564956
Ni/SN;-1.4956386;-1.3901684;-2.0565147;-0.68380934;0.20877026;0.6648882;0.4028134;-0.5352713;0.040408183;0.25492653
Ni/Si;-0.94915754;-1.0596262;-1.8583099;-0.70840573;-0.8081361;0.6739172;-0.23433544;-0.16732202;0.18604179;0.3564956
Ni/Si-CNF;-1.0909932;-1.4583277;-1.0535444;-0.4714846;-0.15677883;-0.930648;-0.20714077;0.621984;-0.08058551;-0.32952997
Ni/Si-MCeZr-0.05c;-1.4625487;-1.5167981;-0.2626859;-0.42723104;-0.28183293;-0.5083199;-0.6155094;0.4382668;-0.6481172;0.14242075
Ni/Si-MCeZr-0.15c;-1.5149281;-1.3351711;0.24105425;-0.71185446;0.32758993;-0.5152448;-0.8076477;0.23394698;-0.48791942;-0.002838312
Ni/Si-MCeZr-0.25c;-1.5422286;-1.0414172;-0.31316355;-0.5326612;0.01948164;-0.703757;-0.56158614;0.15346552;-0.255189;0.2226218
Ni/Si-MCeZr-0.40c;-1.6537977;-1.3211609;-0.16720739;-0.4176267;-0.34953976;-0.50952166;-0.7825907;0.23484974;-0.46357948;0.3344978
Ni/SiC-KIT-6;0.5261193;-1.5414773;0.16866145;-0.36408278;-0.29307765;-0.039242562;0.1655227;0.2520275;-0.3900499;0.012836168
Ni/SiC-SBA15;-1.0606042;-1.1984627;-0.25683203;-1.4943122;-0.061623782;-0.63094956;-0.7631608;0.3204462;-0.6487519;-0.19108415
Ni/SiCMCM-41;-1.6863762;-0.54319257;0.5984894;-0.6922553;-1.089209;-0.85865414;-1.0043088;0.4568082;-0.57270724;0.38173503
Ni/SiO2;-0.8480522;-0.15171115;-2.3152661;-0.7013685;-0.44863215;0.299696;-0.54708976;0.05819923;0.1742656;0.24379279
Ni/SiO2-E;1.0206593;-0.2408019;-1.1359048;-0.4120525;-0.49536008;-0.032718007;-0.61888146;0.12638314;0.08660043;0.12199264
Ni/SiO2-I;1.0711068;-0.6809421;-0.9142103;-0.3509967;-0.43606517;-0.09490281;-0.28263366;0.063256554;0.09211833;0.09430729
Ni/Silicalite1;-3.278524;-1.4521931;0.05677559;-0.33241886;0.4286943;-1.4547074;-0.9496221;0.45221123;-0.4590713;0.09447621
Ni/Sm-DC;-0.28621313;-1.8518025;-0.85986996;-0.8852243;-0.2745999;-0.97642887;-0.24835862;0.37754157;-0.21554217;0.2986021
Ni/Sn0.05-SiO2-550;-0.5044738;1.1171359;-0.7331626;-1.6156441;0.20631035;0.55905277;-0.14030166;0.14937215;-0.36011323;-0.32617903
Ni/Sn0.2-SiO2-550;-0.5081129;0.90027773;-0.7840549;-1.7025464;-0.11319478;0.18650663;-0.33065167;0.008417435;0.04644797;-0.12019752
Ni/Sn0.2-SiO2-750;-0.57076395;0.763525;-0.8136344;-1.6973435;-0.06373294;0.17111047;-0.36148128;-0.007503812;0.03399731;-0.09628346
Ni/TiSiO2gr;-0.84805226;-0.15171118;-2.3152664;-0.7013685;-0.44863212;0.29969534;-0.54708976;0.058199327;0.1742656;0.24379279
Ni/TiSiO2sg;-0.45744193;-0.31322598;-1.8155464;-1.0020618;-0.77319443;0.18652478;-0.72678953;0.0752746;0.2837623;0.11970022
Ni/Y-Al2O3;0.7392191;0.92224866;-0.58851814;0.22943775;0.09369422;-0.59761465;0.09220753;0.19929609;0.43191046;0.6010622
Ni/Zr;-2.776886;-0.8126691;1.0002471;0.8482455;-1.1538433;0.09329609;0.2889709;-0.00248174;0.31303152;0.11798282
Ni/Zr-DC;1.5262609;-0.7243865;0.45943192;0.6572247;-0.124555826;-0.1711375;0.8867525;0.7320138;0.26761502;-0.09270983
Ni/ZrO2;-0.7034531;0.7841619;-1.7191465;1.4531946;0.3407096;0.089376785;0.050808758;0.12146259;0.34532475;0.07639623
Ni/ZrO2-Al2O3 (PM);0.38046333;0.7700763;-0.23327152;-0.495971;0.71867967;-0.08985367;0.26917383;-0.483676;0.53307724;-0.2016143
Ni/ZrO2-Al2O3 (PS);-0.03404888;0.56252265;-0.7389538;-0.89832103;0.53341615;-0.078216314;-0.029014925;-0.7084252;0.6053647;-0.27315232
Ni/ZrO2-Al2O3 (UH);-0.1895;1.5158762;-0.5252204;0.096593395;0.53238255;0.059858672;0.13958542;-0.37750757;0.28464016;0.10768226
Ni/ZrSiO2gr;-0.84805226;-0.15171118;-2.3152664;-0.7013685;-0.44863212;0.29969534;-0.54708976;0.058199327;0.1742656;0.24379279
Ni/ZrSiO2sg;-0.45744193;-0.31322598;-1.8155464;-1.0020618;-0.77319443;0.18652478;-0.72678953;0.0752746;0.2837623;0.11970022
Ni/deB-MWW;1.709942;-0.822769;0.30674097;0.16725726;-0.59935254;0.081636764;0.18334033;0.17295143;0.14838612;0.12633324
Ni/deB-delMWW;1.709942;-0.822769;0.30674097;0.16725726;-0.59935254;0.081636764;0.18334033;0.17295143;0.14838612;0.12633324
Ni/mSiO2;-0.85906756;-0.15909751;-2.3107228;-0.6825393;-0.44262832;0.300294;-0.54351544;0.062602796;0.17617305;0.2376344
Ni/α-Al2O3[8];0.79921865;1.1383398;-0.63900775;0.35828245;0.18525237;-0.36714074;0.22036521;-0.080369234;0.3496917;0.424454
Ni/γ-Al2O3;0.7287816;0.9129508;-0.5724544;0.23443237;0.08543764;-0.5949433;0.087741986;0.21084268;0.42422038;0.6048015
Ni0.01Al1O2-δ;0.88655025;0.49236733;1.0130479;0.26117155;0.35538462;-0.36982366;-0.13868363;-0.002982399;0.20206147;0.54582024
Ni0.025Al1O2-δ;0.8908356;0.8055269;0.7578519;0.052510794;0.44335243;-0.26934806;-0.007065873;-0.12969789;0.045126252;0.56880975
Ni0.03Mg0.97O;-2.999336;0.31957686;-0.10723752;0.2159562;0.8523078;-0.7484716;0.3190004;-1.1413524;-0.1323216;-0.43132642
Ni0.05Al1O2-δ;0.92087686;0.71219546;0.40027413;0.395549;0.20300213;-0.074936435;-0.24244101;-0.2430804;-0.030267349;0.41753435
Ni0.07Mg0.93O;-2.8162029;0.30329296;-0.28965843;0.31460395;1.0776513;-0.8976284;0.30089015;-0.95032895;-0.056187626;-0.115548395
Ni0.10Mg0.90O;-3.1406236;-0.57493824;1.3405201;0.20021237;1.1579415;-0.5445894;0.028442582;-0.6692268;-0.2526223;-0.31980568
Ni0.15Mg0.85O;-2.2764664;1.0085229;0.6084757;-0.119523205;0.58568996;0.5239092;0.013630501;-0.95197314;-0.40907493;-0.41537836
Ni0.1Al1O2-δ;0.8865503;0.49236712;1.0130476;0.2611717;0.3553847;-0.3698239;-0.1386835;-0.002982594;0.20206153;0.54582006
Ni0.25Mg0.75O;-1.8665591;1.0780842;-0.7196833;-0.023599949;0.89110684;0.14197162;0.36801258;-1.0723152;0.24255005;-0.19187719
Ni0.2Al1O2-δ;1.110192;0.7188067;0.3890628;0.26682875;0.52813506;-0.3809047;-0.045832228;-0.24790522;0.24690026;0.68653685
Ni0.5/HAP;-2.3477564;-1.5810694;-0.2854515;-0.33944297;0.82518184;-0.629601;1.1044492;-0.78504795;-0.49756095;0.24365196
Ni0.5/HAP-D;0.7584946;-1.3042;0.9521744;-0.24359913;-0.0187943;-0.0843682;0.27735233;-0.4121741;-0.3374018;0.1978183
Ni0.5/HAP-OP;0.02866824;-1.8351398;-0.009252803;-0.41959545;1.3211406;0.20341878;1.0359027;-0.7476249;-0.31841224;0.39635667
Ni0.9-MCF-DS;0.6606718;-1.3519068;-0.59182674;-0.34162617;0.8489922;-0.68964714;0.25038913;0.29403436;0.04551436;-0.48431996
Ni05%-S Reduced;1.1386608;-0.36378875;-0.36867422;-0.09531001;0.21339983;-0.024966951;0.113060094;0.027563835;-0.6140091;0.014297234
Ni1.5/HAP-D;0.8956771;-0.34642908;1.0256915;-0.43215525;-0.6246083;-0.25859344;-0.01853323;-0.52153224;-0.038375456;0.33014083
Ni1.5/HAP-OP;0.7855027;-0.46967426;0.424688;-0.13449207;0.22183096;0.30145562;0.10307618;-0.8109135;-0.06909598;0.22426423
Ni1/HAP-D;1.1531327;-0.694305;1.1245241;0.08041755;-0.21458521;-0.1652085;0.32713377;-0.22784151;-0.021432051;0.5299161
Ni1/HAP-OP;0.6073704;-0.87193847;0.6086994;-0.052059773;0.08758213;0.21575493;0.19387639;-0.65354323;-0.107252136;0.44880116
Ni10-V-MgAl;2.204281;-0.20153885;0.8450969;0.63507587;0.27590317;-0.15401559;-0.23389302;0.22782916;-0.027850065;-0.012198031
Ni10/SBC240;-1.7818007;0.56507415;0.7575575;-0.92191476;-0.096939;-0.3184449;-0.24798714;-0.08006011;-0.20924552;0.8572432
Ni10/SBA-15;0.64424765;0.12752809;0.83745205;-0.44112495;-1.0966924;-0.19027223;-0.30073097;-0.10337716;-0.2593154;0.3528502
Ni10CeAl;-3.1210315;0.071808994;1.2554651;0.26174876;-0.19106837;-0.12666759;-1.0614128;0.5880463;-0.8132614;0.088775605
Ni10NdMgAlO;-0.43315485;0.23027842;-0.80346054;0.4177582;-0.09411461;0.17243484;-0.30493513;-0.97595036;-0.49710226;-0.36347723
Ni12MgAl;-2.0066955;0.75224376;1.3794484;-0.053968303;-0.2716562;-0.83282727;-0.2097789;-0.28133124;0.18066077;0.8027035
Ni1Mn/ATP;-0.79394317;-0.14367224;0.5416152;-0.42354453;-1.317355;0.18467991;-0.3619901;-0.57960904;0.039781302;0.073800005
Ni2-MCF(O)-DS;0.7100502;-0.59567744;-0.6109214;0.08452091;0.87456715;-0.16032378;0.033420052;0.17512363;0.19740868;-0.2746352
Ni2.5NdMgAlO;-1.8934114;-0.6234948;-1.5114259;-0.3079481;1.072733;0.30404586;0.169136;-1.0985258;-0.08821308;0.08213299
Ni2/HAP-OP;0.37232453;-1.6049716;-0.1850982;-0.35991472;1.1101156;0.04720297;1.0379624;-0.4893265;-0.07791119;0.7573291
Ni3Mn/ATP;-2.0981019;-0.5704806;-0.43161482;0.4138259;-0.35943234;-0.7139617;0.33051077;-0.4792507;0.03915044;-0.11138565
Ni3Nd7;-1.0582343;0.78898823;-0.8478211;0.56778234;-0.32250762;-0.79109585;-0.000104405;-0.61337984;-0.21340439;-0.7441335
Ni5%Al2O3;-0.11764247;1.7326735;-0.22721024;0.3090054;-0.35947978;-0.6721058;0.47466573;-0.12789255;0.18897657;0.24712016
Ni5/MCF(N)-T;-0.2684667;-0.52105397;-0.6157367;0.94395006;-0.18126972;-0.07806449;0.61402106;-0.10569827;-0.32662147;-0.60461205
Ni5/MCF(N)-IWI;0.45166707;-0.7977502;0.2581212;0.9938886;0.07942155;0.25845727;1.0028439;-0.0808157;0.10950195;-0.29890805
Ni5/MCF(O)-IWI;0.54838413;-0.74558765;0.040697273;0.86862904;0.7413872;0.54879075;0.76286787;-0.1521051;0.5486879;-0.13885185
Ni5/MCF(O)-TS;-1.311948;-0.7539596;-1.2552403;0.09203073;0.9047274;0.12870255;0.027675351;0.079920664;0.20825157;-0.6401274
Ni5/MCF-TS;-0.73160356;-1.5115051;-0.5316984;-0.9585277;0.82247823;-0.8563512;0.23345396;0.39014724;-0.06513278;-0.5820359
Ni5/MCFIWI;-0.53373766;-1.4446627;0.32786107;0.19566628;0.5368295;-0.19108148;0.8010871;-0.37129372;0.5713359;-0.39370334
Ni5Mn/ATP;-1.7296482;-1.0391049;-0.68574715;0.037754413;-0.02361403;0.16967615;0.7219826;-0.6616408;-0.31260082;0.17565547
Ni5Nd5;-1.2208697;0.8839314;-0.0786937;0.36612433;-0.93522054;-0.3599459;0.31616876;-0.30095994;-0.78964394;-0.5571091
Ni5NdMgAlO;-0.39314097;-0.47444582;-1.091104;0.25267726;0.3644726;-0.047943007;0.56527853;-0.7963943;-0.840362;-0.41832894
Ni7.5NdMgAlO;-2.2755442;-0.6826516;-1.293187;-0.17432599;1.0409868;0.2986153;0.24940255;-0.9839991;-0.69816834;-0.0292162
Ni7Nd3;-1.7868075;0.5695795;-0.3569001;0.8880571;-0.26688635;-0.7036938;-0.007164645;-0.55029565;-0.59906644;-0.42206326
Ni9.6-V-HSS;0.6649955;-0.7865476;-0.8367563;-1.0322455;-0.04221093;-0.4739723;-0.40780053;-0.2187822;-0.013908809;-0.2775058
Ni9Nd1;-1.1124324;0.47081926;-0.2076783;0.8055433;-0.7182945;0.1766738;-0.53592926;-0.5725831;-0.62020314;-0.024774788
Ni-HMS30;1.0222716;0.38234475;-0.3932499;0.22045335;-0.46395868;-0.77562666;-0.42507645;-0.07537818;0.02492341;-0.3810413
Ni-HMS50;1.3349344;-0.066656955;-0.5926572;-0.13122368;-0.20399451;-0.23059848;-0.32806024;-0.13236038;-0.36133006;-0.18623562
Ni-HMS70;1.3418617;-0.5355358;-0.7733174;-0.06774826;0.06229936;-0.09934645;-0.1835341;-0.04358042;-0.4204242;-0.12164674
Ni-HMS90;1.4233171;-0.6006926;-0.78352046;-0.009797981;0.003295049;-0.17526862;-0.19762476;0.11350032;-0.36647946;-0.10468236
Ni-HSS;1.3688544;-0.7134772;-1.2098197;-0.28691876;-0.049530447;-0.04735186;-0.13956064;-0.12361611;-0.08346322;-0.12802471
Ni-HSS-V;1.8848989;-0.70133936;-0.8055937;-0.5030109;-0.10910155;-0.0724593;-0.424554;0.07626954;-0.17321485;0.042584304
Ni-HSZ-reduced;1.9462517;-1.1660825;-0.17344972;-0.28198478;-0.021980805;-0.13460994;-0.31031656;-0.12976941;-0.19201887;0.1884647
Ni-MA;1.1293554;-1.0374808;0.9816967;1.5333796;0.22093552;-0.35937312;-0.5499202;-0.31845772;0.13453038;-0.30581543
Ni-Mg-MA;1.9983612;-0.9008586;0.57141525;0.8658583;0.045036305;0.24568455;-0.3753636;-0.28734848;0.48823816;0.22473994
Ni-S-2-C;1.8034195;-0.6654726;0.13490142;-0.5560862;-0.3048843;-0.6283475;-0.71265805;0.2703168;0.000880922;0.021010287
Ni-S-2-E;1.9711541;-0.47325212;0.22047454;-0.44687063;-0.39855897;-0.51466775;-0.8008895;0.041045867;0.13958701;-0.00418392
Ni-S-2-T;1.9711541;-0.47325212;0.22047454;-0.44687063;-0.39855897;-0.51466775;-0.8008895;0.041045867;0.13958701;-0.00418392
Ni-SBA-15;1.7581122;-0.70767426;0.24606645;-0.55860025;-0.102610245;-0.60019356;-0.32770753;-0.092137896;-0.34088573;-0.13495804
Ni-SiO2;1.1512123;0.051827025;-1.2946377;-0.22197089;-0.25536254;0.044353973;-0.58960336;-0.07874319;0.10209817;-0.12211666
Ni-SiO2-1 h;1.6967522;0.008519791;-0.06643635;0.10598321;-0.027465478;-0.21439879;-0.9951128;-0.008462898;-0.08945257;-0.11611495
Ni-SiO2-10 h;1.6967522;0.008519791;-0.06643635;0.10598321;-0.027465478;-0.21439879;-0.9951128;-0.008462898;-0.08945257;-0.11611495
Ni-SiO2-2 h;1.4385341;0.38620156;-0.30177093;-0.12835546;-0.21903473;-0.31249452;-0.87255496;-0.06929206;0.20749328;0.16675374
Ni-SiO2-5 h;1.5915413;0.33350015;-0.30248803;-0.16665934;0.002867411;-0.26678208;-0.7970946;-0.19196764;-0.11624468;-0.43317187
Ni-SiO2-500;1.5915413;0.33350015;-0.30248803;-0.16665934;0.002867411;-0.26678208;-0.7970946;-0.19196764;-0.11624468;-0.43317187
Ni-SiO2-600;1.6217755;0.2941628;-0.35150707;-0.15889257;0.13992798;-0.2129765;-0.8379004;-0.17060208;-0.1082499;-0.3928882
Ni-SiO2-700;1.6652403;0.28156504;-0.3466147;-0.106005885;0.18746057;-0.17983398;-0.8008541;-0.12972763;-0.1563375;-0.41809997
Ni-SiO2-ZrO2-reduced;2.0397272;0.20344345;-0.09124101;0.07306638;0.084361844;0.10648168;-0.24108891;0.21981618;-0.050804317;0.3994869
Ni-Silicalite1;-0.03880674;-1.1333259;0.26382902;0.33207297;0.2609148;-0.3307744;-1.1063498;-0.46771958;-0.5598281;-0.09682355
Ni-ZrO2-SiZr-4.1;1.8069983;0.12347365;0.43254986;-0.1836875;0.80966145;-0.010148196;-0.25400224;0.06627154;-0.3283074;0.21927749
Ni-ZrO2-SiZr-5.1;1.891765;-0.009936836;0.2702726;-0.11479866;0.8644725;0.028049245;-0.1779353;0.1426433;-0.33923918;0.06492805
Ni-ZrO2-SiZr-6.1;1.879133;-0.13858312;0.26576996;-0.063598864;0.89119893;0.063719004;-0.1434748;0.15675895;-0.29221144;0.09365636
Ni-ZrO2-SiZr-7.7;1.7234643;-0.15130039;0.07846007;-0.1485361;0.70273197;0.13688365;0.019042104;-0.014519606;-0.41109294;0.08927871
NiAl;-2.2399764;-0.1073249;-0.20396505;1.0805663;-0.81236446;0.6591433;-0.6321179;-0.4940635;-0.33682692;0.8591781
NiAl-500;0.6517819;-0.39636326;0.6856467;0.9582775;0.77362394;-0.09147656;-1.1372595;-1.2464025;-0.27930546;-0.41458032
NiAl-850;1.0885463;-0.25616702;0.82771575;0.69235647;0.4673597;-0.40416232;-0.5362949;-0.49172485;-0.48792636;-0.39719516
NiAl/La perovskite;-0.070915096;-1.2728373;0.40515485;0.36054045;0.021961106;0.96240354;-0.68658423;-0.104740754;1.147576;0.5738977
NiAl2O4/g-Al2O3;0.2681337;1.7480844;-0.5542372;-0.08528743;0.38083655;0.032651506;-0.3532352;-0.13617168;0.53654397;0.09293994
NiAl2O4/g-Al2O3-1La;1.1749711;1.4363128;0.29244617;0.07092733;1.0321732;0.1366632;-0.46384913;0.20349842;0.16841762;0.15866317
NiAl2O4/g-Al2O3-2La;1.0125242;1.3079009;0.35071763;0.04297535;1.0962018;0.08728313;-0.7237044;0.089218356;0.46374238;0.14423391
NiAl2O4/g-Al2O3-3La;0.82306594;1.6351091;0.3192902;-0.19926909;0.87694573;0.22865546;-0.48269427;-0.10779993;0.43214434;0.12715043
NiAl2O4/g-Al2O3-5La;0.92997354;1.6717832;0.18769944;-0.1869764;0.9554726;0.35947943;-0.36358374;-0.12326452;0.08928519;-0.048008386
NiAl2O4/g-Al2O3-7La;0.9400142;1.5256747;0.12718253;-0.107772656;1.0852273;0.2938251;-0.4008496;-0.18709062;0.10192648;0.002375291
NiB(0.0)/Al;1.0738533;-0.6836299;-0.10410772;-0.115384795;-0.81473464;0.09955376;0.7629384;-0.101436816;0.9644223;-0.5576301
NiB(0.1)/Al;0.093619674;-0.6121178;0.42062736;-0.37416357;-0.66978437;0.13976547;0.33520702;-0.6464966;0.94256914;-0.88958985
NiB(0.3)/Al;-0.16775022;-0.45013967;-0.21948415;-0.07827207;-0.56164837;-0.32968813;0.7289256;-0.5079876;0.99569964;-0.81456244
NiB(0.5)/Al;0.22394708;-0.7446092;-0.21191624;-0.20479459;-0.6032246;0.01250033;1.0271509;-0.32385388;0.92462045;-0.8467505
NiB(0.7)/Al;-0.1449027;-0.9159379;-0.13224564;0.06892297;-0.4994944;-0.100421004;1.1389986;-0.29371732;0.94422644;-0.973091
NiCZ;-2.354764;-1.0048977;0.46731853;0.37251413;-1.8961452;-0.8779827;0.04785313;0.45331746;0.28872424;-0.09135782
NiCZ-S;0.24342804;-1.9237034;-0.631595;0.06587303;0.34836373;-0.7145549;1.0874939;0.45460048;-0.03606619;-0.30003077
NiCe;-2.354764;-1.0048977;0.46731853;0.37251413;-1.8961452;-0.8779827;0.04785313;0.45331746;0.28872424;-0.09135782
NiCe/CaAl;-2.8506455;-1.8124899;0.074099064;0.49076813;-0.116783984;-0.42540112;0.9538444;0.91642904;0.40146503;-0.56651604
NiCe/SiO2;-1.8776038;-0.6112082;-1.9060243;-0.20335658;0.39574224;-0.39806047;0.076962255;0.53839207;0.23623414;0.5296542
NiCo/EXVTM-SiO2;0.016486546;-0.07249618;-0.96524;0.16061053;0.73258686;-0.073622845;-0.5778272;0.38643944;-0.009202343;0.19707774
NiCo/MAl;-2.0476732;-0.84762186;0.20984344;1.9157552;0.7182225;0.030572645;0.05248388;0.35078707;0.034739986;-0.05496482
NiCo/MMAl;-2.0476732;-0.8476218;0.20984346;1.915755;0.71822226;0.030573077;0.052483898;0.3507873;0.034740124;-0.05496454
NiCo/mesoporousAl;0.2142873;-0.53649426;0.5849956;1.0669911;0.82191813;1.4979932;-0.6958066;0.47558847;1.0868713;0.99206036
NiCu/EXVTM-SiO2;-1.2541972;-1.3359567;-1.2540326;-0.33177286;1.0424392;-0.911766;-0.28630888;0.47194698;-0.10667855;0.31522217
NiCu0-LDO;-0.15152752;-1.5058618;-0.53037614;1.093287;0.7461766;-0.18322787;0.9938897;0.23103513;-0.035478517;-0.26615515
NiGd/SiO2;-0.84780467;-0.15400203;-2.3147664;-0.68629354;-0.46311975;0.29300007;-0.5376899;0.059151366;0.1857742;0.23555188
NiLa/CaAl;-2.978004;-1.248877;-0.2339614;1.2989162;-0.40029192;0.59415686;-0.39947692;1.0513637;0.12556647;-0.33028632
NiLa/SiO2;-0.84780467;-0.15400203;-2.3147664;-0.68629354;-0.46311975;0.29300007;-0.5376899;0.059151366;0.1857742;0.23555188
NiMg/Si;-0.9391391;-1.0556194;-1.86245;-0.7080954;-0.81241345;0.674671;-0.23486425;-0.16856988;0.19095562;0.35454994
NiMgAlO;0.37266734;0.2499657;-1.7924248;1.0295986;0.13076843;0.25675753;0.38171017;0.40523;0.023994321;0.3600568
NiO/SBA-15;1.6252213;-0.082294;-0.5565028;-0.021943618;-0.14166354;0.18166749;0.2150413;0.45347497;-0.38448337;0.27805197
NiO-10Al2O3-ZrO2;1.4549185;1.2787285;-0.2019195;0.061688073;-0.3832562;0.22069252;0.094435774;0.64329284;0.36500284;0.38696495
NiO-ZrO2;0.78293294;1.1624904;-1.7233678;0.8379859;0.1021082;0.4539422;-0.03341136;0.47068474;0.5743441;0.033719927
NiPS;-1.789604;-1.7565687;-2.1903985;-1.1422398;0.40892494;0.5111231;0.31304544;-0.49347618;0.3809338;-0.25433895
NiPS-silica-0.4;1.2846293;-1.122143;-0.19981167;-1.03731;-0.3973276;0.1812287;-0.12494807;-0.18826;-0.005620787;-0.20002498
NiPS-silica-0.6;1.420588;-1.4180584;-0.46204668;-0.85694563;-0.37721148;0.28651932;0.18826397;-0.054927845;-0.24759392;-0.12644829
NiRh/mesoAl;-1.2155663;-0.6116906;0.38823053;1.4803965;-0.010879695;0.41045862;-0.87228584;-0.127081;0.65976524;0.4240116
NiSi;-0.97179824;-1.2754344;-1.9763641;-0.6833303;-0.20924017;-0.05003498;0.015286337;0.24196294;0.012952903;0.048184186
NiSm/SiO2;-0.58039147;-0.24730235;-2.3239613;-1.0324944;-0.6354444;0.17452358;-0.2567567;0.35717472;0.32453465;0.42151535
NiY/CaAl;-2.978004;-1.248877;-0.2339614;1.2989162;-0.40029192;0.59415686;-0.39947692;1.0513637;0.12556647;-0.33028632
NiY3-DLH;1.4418778;0.21935934;0.6754166;0.39413393;0.37219074;-0.3838888;-0.5050287;-0.75364166;0.2627621;0.023240343
NiY4-DLH;1.5359193;0.024174223;0.5297469;0.6536448;0.078544654;0.26491627;0.009715398;-0.43090013;0.07072394;0.35343468
NiY8-DLH;0.947137;-0.5647;0.04346623;1.3749574;0.30175185;0.7984778;-0.26154396;0.05258709;0.00380442;0.17798437
NiZr;-2.2319589;-0.10917338;-0.2054893;1.0751557;-0.81875265;0.6563462;-0.6285759;-0.49463058;-0.33767545;0.8637984
Nisingle bondCe/Al2O3-1000;0.4347959;0.26350757;0.9053874;0.26845014;0.75375974;0.33980793;-0.74572855;0.1800865;0.033982974;0.12400951
Nisingle bondCe/Al2O3-500;0.36806315;0.6993406;0.6369013;-0.05323281;1.0723029;0.13310902;-0.40924644;-0.055481628;0.18409908;-0.30657697
Nisingle bondCe/Al2O3-600;0.36544618;0.55071133;0.61319387;0.12906173;1.0553123;0.2641429;-0.4853296;-0.079459615;0.1830791;-0.1557041
Nisingle bondCe/Al2O3-750;0.5218523;0.86009836;0.43813002;-0.12880379;1.3515621;0.14083357;-0.20643258;-0.062220834;-0.009984433;-0.3880203
Nisingle bondCe/Al2O3-900;0.17920592;0.47712746;0.6801947;-0.0157707;1.0253618;0.36476293;-0.6047667;-0.1569936;0.1437572;-0.16591592
Ni-3.0La/Si-imp;-0.37321833;-0.8828836;0.07247175;-0.6412902;-0.4945481;-0.64840484;-0.3026696;-0.42479303;0.46161452;0.16480738
Ni-Imp;0.5020918;-1.0063212;0.6593459;1.0587037;-0.9491732;0.76488376;0.29299757;-0.19351903;0.59645164;-0.13973863
Ni-La2O3;0.4971395;1.5494127;-0.8772143;0.8017918;-0.21121149;-0.4548899;0.01888135;-0.012765451;0.47649267;0.041561045
Ni-Mn-ZrOx;-2.1024146;-1.1570439;-1.0291826;0.83412534;0.55521554;0.8089816;0.10970326;-1.2510865;0.5606284;-0.32237443
Ni-ZrO2-C;1.7022536;0.33122775;-0.61384815;0.6205754;0.30901447;-0.23264267;0.48249185;0.5096436;0.110578455;0.5429725
Ni-ZrO2-CR-10;1.5725303;0.4186172;0.15079854;0.8339166;0.026293531;-0.020850496;-0.073025756;0.4299432;0.06756856;0.53064615
Ni-ZrO2-CR-15;1.5396836;0.55293286;0.37724867;0.26663104;-0.124083325;0.09391134;0.07756375;0.116085604;-0.19395293;0.66516167
Ni-ZrO2-CR-20;1.2229364;0.6027899;0.36578384;0.6391429;0.101771004;-0.16662131;-0.0953315;0.2741477;0.21576235;1.0959287
Ni-ZrO2-CR-25;1.3708462;0.8103995;0.4531384;0.1463903;-0.002317143;-0.12978521;0.18655066;0.029424634;0.13864212;0.99503195
Ni-ZrO2-IMP;2.0047734;-0.19684406;-0.2591967;0.30022135;0.38151202;0.16361362;0.46755186;-0.005186343;0.09495071;0.33747408
Ni-ZrOx;0.37273157;0.25128794;-1.7922497;1.0312098;0.1316986;0.25565487;0.3826664;0.40829414;0.023172507;0.35795432
Ni-Mn/Ce50-Zr50;-2.0536973;0.6935083;-0.085081816;-0.017506886;0.18451281;-0.01691745;0.62394327;0.114428066;-1.0366032;-0.31578693
Ni-SiO2-550;0.5064475;0.90843344;-1.5698416;-0.8471848;-0.56297666;0.31126228;-0.08674497;0.1415305;-0.16515051;-0.1767688
Ni-SiO2-750;0.44486097;0.7364809;-1.7340257;-0.6891989;-0.49123368;0.29150647;-0.021702196;0.16500421;-0.2415503;-0.16870283
Si-Ni-CNF;1.8276075;-1.4162431;0.012947961;-0.13553448;-0.17084408;-0.34097877;0.4099756;0.15424474;-0.17050295;0.07206744
Sm2O3/10Ni/SBA-15;1.0779818;0.33316204;-0.18587917;-1.2273781;-0.47731847;-0.15456584;-0.2798473;-0.033900682;-0.14496017;0.18433775
Sn0.02 Ni/Al;-1.7953296;-0.2795559;-0.6128403;-1.1710101;-0.75492793;0.50786555;-0.37601665;-0.17825285;0.3563142;0.12254314
Sn0.02 Ni/Ce-Al;-0.26120695;-0.33844894;-0.7031559;-0.877761;-0.41501495;0.02706545;-0.26470414;-0.46169373;0.18749648;0.18181558
Sn0.04 Ni/Al;-2.0947545;-0.51943874;-0.22681718;-1.3394935;-0.89795023;0.3830494;-0.26880392;-0.15556335;0.27150875;-0.005951622
Sr-Ni/MgA;1.5725172;-0.8653588;-0.001297748;-0.23552322;-0.7079046;-0.2751945;-0.112854;0.35744336;-0.004994849;0.07910641
TAL0;-2.088884;-0.4268587;1.600245;-1.0572132;-1.1026305;1.1725525;-0.44765097;-0.47796932;0.4028483;0.625933
TAL100;-2.6643965;-0.6075829;1.5756929;-1.4996309;0.49462104;0.75041884;-1.0856404;0.8911785;0.5282618;-0.013829253
TAL25;-1.2041589;1.2699664;1.6859869;-1.110164;-0.27991718;0.13608627;0.45789742;-0.24000774;-0.3259999;0.4809728
TAL50;-2.2740617;1.0319259;1.5597763;-0.736184;-0.42866814;0.7301617;-0.058330487;0.17821354;-0.34529546;0.6713036
TAL75;-1.386448;1.0594623;1.8603717;-1.0262908;0.3273909;0.14516295;0.66227734;-0.30526656;-0.6993489;0.18035732
UNAU;-2.234162;-0.10824222;-0.20467702;1.0767388;-0.81693995;0.65731764;-0.62978566;-0.4943573;-0.33721563;0.86283815
WI;-0.64126664;-1.445514;0.24644205;-0.12843154;0.15148821;1.2733557;-0.13127552;-1.375359;1.0184177;0.6012766
Y;-2.0888846;-0.4268587;1.600245;-1.0572132;-1.1026309;1.1725516;-0.44765118;-0.47796872;0.40284786;0.6259332
Y-Ni/MgAl;0.36748266;-0.6492875;-0.33981484;0.6492121;-1.0465859;0.99784684;0.17323372;0.23588692;0.3181906;0.062250495
Y2O3/10Ni/SBA-15;1.346635;0.476226;0.20663857;-0.69221354;0.0849726;0.18664443;0.22568722;0.13332011;-0.355272;0.31760886
Y-2%Nd2O3;0.04086901;1.5344672;-0.59991664;0.32800537;-0.5059302;-0.4107316;0.42441642;0.19659245;-0.014840329;0.4568001
Y-2.5%Nd2O3;-0.47032425;1.7095283;-0.4970765;-0.14445242;0.12082608;-0.30086592;0.5246396;-0.09000353;-0.14269072;-0.07641842
Y-3%Nd2O3;-0.058725435;1.6492361;-0.57299995;0.33445948;-0.6355189;-0.34274727;0.4064575;0.14449763;0.07150894;0.19515526
Y-3.5%Nd2O3;-0.5961321;1.7737613;-0.70277244;-0.0870049;-0.06905414;-0.071871735;0.31625044;-0.16630806;0.010632806;-0.05961209
Y-4%Nd2O;0.26654992;1.2924961;-0.8913931;0.80099016;-0.43645817;-0.2550453;0.7548715;0.14374237;0.06678994;-0.1391147
Y-Ni/SBA-16-MgO;1.577073;-1.0326613;-0.38138878;-0.25749177;0.15782455;-0.1902541;0.2612783;-0.21840104;-0.16207013;0.05426704
Zr (10)-Ni(15)/perlite;0.80918;0.159998;0.70378846;-0.17962892;-0.5364711;0.41512436;-0.16849115;0.13148816;0.09308442;-0.5829437
Zr (20)-Ni(15)/perlite;0.8289431;0.30024529;0.39526585;-0.10000469;-0.3451538;0.33201218;0.05892969;0.26334286;0.14433683;-0.5746088
ZrO2/10Ni/SBA-15;0.16793956;-0.21567947;0.1400782;-1.0094805;0.45702207;-0.08343853;-0.3675294;-0.45427588;-0.3979803;0.5227631
-Ni-La2O3;0.50074893;1.5484008;-0.87576824;0.7987984;-0.2028077;-0.4572957;0.014888156;-0.01284903;0.4690078;0.042670254